checkoutyear,materialtype,materialtype_checkouts,annual_physical_sample_checkouts,materialtype_share,sampled_title_month_rows
2006,ATLAS,10,42677,0.00023431825104857417,6
2006,BOOK,22743,42677,0.5329099983597723,8888
2006,CR,42,42677,0.0009841366544040115,19
2006,ER,1,42677,2.3431825104857417e-05,1
2006,KIT,67,42677,0.001569932282025447,25
2006,MIXED,42,42677,0.0009841366544040115,14
2006,MUSIC,111,42677,0.0026009325866391732,80
2006,SOUNDCASS,482,42677,0.011294139700541276,270
2006,SOUNDDISC,8850,42677,0.20737165217798814,1969
2006,SOUNDREC,44,42677,0.0010310003046137264,13
2006,VIDEOCASS,2161,42677,0.05063617405159688,608
2006,VIDEODISC,8052,42677,0.18867305574431192,593
2006,VISUAL,72,42677,0.0016870914075497341,14
2007,ATLAS,3,45290,6.62397880326783e-05,2
2007,BOOK,26114,45290,0.5765952748951203,9079
2007,CR,85,45290,0.0018767939942592184,33
2007,ER,3,45290,6.62397880326783e-05,2
2007,"ER, VIDEODISC",66,45290,0.0014572753367189226,7
2007,KIT,36,45290,0.0007948774563921395,12
2007,MAP,1,45290,2.20799293442261e-05,1
2007,MICROFORM,2,45290,4.41598586884522e-05,1
2007,MIXED,7,45290,0.0001545595054095827,4
2007,MUSIC,93,45290,0.0020534334290130273,72
2007,REGPRINT,195,45290,0.004305586222124089,8
2007,SOUNDCASS,474,45290,0.01046588650916317,291
2007,SOUNDDISC,7650,45290,0.16891145948332964,1607
2007,"SOUNDDISC, SOUNDREC",4,45290,8.83197173769044e-05,4
2007,SOUNDREC,74,45290,0.0016339147714727314,22
2007,VIDEOCASS,1651,45290,0.03645396334731729,575
2007,VIDEODISC,8773,45290,0.19370722013689556,767
2007,VISUAL,59,45290,0.0013027158313093398,13
2008,ATLAS,1,54003,1.8517489769086902e-05,1
2008,BOOK,27072,54003,0.5013054830287206,8895
2008,CR,28,54003,0.0005184897135344333,14
2008,"ER, SOUNDDISC, VIDEODISC",1,54003,1.8517489769086902e-05,1
2008,"ER, VIDEODISC",25,54003,0.0004629372442271726,3
2008,MAP,1,54003,1.8517489769086902e-05,1
2008,MIXED,7,54003,0.00012962242838360832,6
2008,MUSIC,123,54003,0.0022776512415976892,90
2008,REGPRINT,23,54003,0.0004259022646889988,1
2008,SOUNDCASS,246,54003,0.0045553024831953785,176
2008,SOUNDDISC,9029,54003,0.16719441512508565,1878
2008,SOUNDREC,79,54003,0.0014628816917578653,20
2008,VIDEOCASS,908,54003,0.01681388071033091,391
2008,VIDEODISC,16406,54003,0.3037979371516397,1012
2008,VISUAL,54,54003,0.0009999444475306926,11
2009,ATLAS,2,56524,3.538320005661312e-05,2
2009,BOOK,27468,56524,0.4859528695775246,9058
2009,CR,37,56524,0.0006545892010473427,19
2009,ER,11,56524,0.00019460760031137216,4
2009,"ER, SOUNDDISC",2,56524,3.538320005661312e-05,1
2009,"ER, SOUNDDISC, VIDEODISC",2,56524,3.538320005661312e-05,2
2009,"ER, VIDEODISC",16,56524,0.00028306560045290494,5
2009,KIT,33,56524,0.0005838228009341165,7
2009,MUSIC,135,56524,0.0023883660038213858,90
2009,SOUNDCASS,89,56524,0.0015745524025192839,63
2009,SOUNDDISC,8314,56524,0.14708796263534074,1775
2009,"SOUNDDISC, VIDEODISC",26,56524,0.00045998160073597056,6
2009,SOUNDREC,55,56524,0.0009730380015568608,11
2009,VIDEOCASS,358,56524,0.006333592810133748,246
2009,VIDEODISC,19890,56524,0.3518859245630175,1202
2009,VISUAL,86,56524,0.0015214776024343641,9
2010,ATLAS,6,54402,0.00011029006286533584,3
2010,BOOK,29252,54402,0.5377008198228006,8926
2010,CR,8,54402,0.0001470534171537811,4
2010,ER,19,54402,0.0003492518657402301,3
2010,"ER, SOUNDDISC",9,54402,0.00016543509429800375,3
2010,"ER, SOUNDDISC, VIDEODISC",4,54402,7.352670857689055e-05,3
2010,"ER, VIDEODISC",182,54402,0.0033454652402485205,6
2010,MUSIC,129,54402,0.0023712363516047203,95
2010,SOUNDCASS,30,54402,0.0005514503143266791,28
2010,SOUNDDISC,7609,54402,0.13986618139039006,1896
2010,"SOUNDDISC, VIDEODISC",58,54402,0.0010661372743649132,15
2010,SOUNDREC,11,54402,0.00020219844858644902,4
2010,VIDEOCASS,87,54402,0.0015992059115473695,77
2010,VIDEODISC,16792,54402,0.30866512260578655,1414
2010,VISUAL,206,54402,0.0037866254917098634,23
2011,BOOK,28785,49375,0.582987341772152,9035
2011,CR,47,49375,0.0009518987341772152,18
2011,ER,5,49375,0.00010126582278481013,3
2011,"ER, NONPROJGRAPH",26,49375,0.0005265822784810127,4
2011,"ER, VIDEODISC",185,49375,0.003746835443037975,15
2011,MUSIC,94,49375,0.0019037974683544304,81
2011,SOUNDCASS,5,49375,0.00010126582278481013,5
2011,SOUNDDISC,6333,49375,0.1282632911392405,1838
2011,"SOUNDDISC, VIDEODISC",16,49375,0.0003240506329113924,6
2011,SOUNDREC,70,49375,0.0014177215189873419,22
2011,VIDEOCASS,15,49375,0.0003037974683544304,15
2011,VIDEODISC,13558,49375,0.27459240506329113,1426
2011,VISUAL,236,49375,0.004779746835443038,32
2012,BOOK,26744,54523,0.4905085927039965,8698
2012,CR,27,54523,0.0004952038589219229,15
2012,ER,60,54523,0.0011004530198264952,7
2012,"ER, SOUNDDISC",14,54523,0.0002567723712928489,5
2012,"ER, VIDEODISC",25,54523,0.00045852209159437304,7
2012,MUSIC,90,54523,0.001650679529739743,74
2012,SOUNDCASS,13,54523,0.00023843148762907397,5
2012,SOUNDDISC,6082,54523,0.11154925444307907,1853
2012,"SOUNDDISC, VIDEODISC",52,54523,0.0009537259505162959,14
2012,SOUNDREC,29,54523,0.0005318856262494727,13
2012,VIDEOCASS,53,54523,0.0009720668341800708,4
2012,VIDEODISC,21075,54523,0.38653412321405645,1776
2012,VISUAL,259,54523,0.004750288868917704,29
2013,ATLAS,1,53252,1.8778637422068655e-05,1
2013,BOOK,31042,53252,0.5829264628558551,9414
2013,CR,210,53252,0.003943513858634417,82
2013,ER,161,53252,0.0030233606249530534,19
2013,"ER, SOUNDDISC",1,53252,1.8778637422068655e-05,1
2013,MAP,1,53252,1.8778637422068655e-05,1
2013,MUSIC,71,53252,0.0013332832569668744,54
2013,REGPRINT,30,53252,0.0005633591226620597,4
2013,SOUNDCASS,15,53252,0.00028167956133102985,10
2013,SOUNDDISC,6697,53252,0.1257605348155938,1636
2013,"SOUNDDISC, VIDEODISC",15,53252,0.00028167956133102985,6
2013,SOUNDREC,63,53252,0.0011830541575903253,22
2013,VIDEODISC,14864,53252,0.27912566664162847,1233
2013,VISUAL,81,53252,0.001521069631187561,17
2014,BOOK,28740,47479,0.605320246845974,9423
2014,CR,62,47479,0.0013058404768423934,29
2014,ER,56,47479,0.0011794688177931296,11
2014,"ER, VIDEODISC",10,47479,0.00021061943174877315,5
2014,MUSIC,84,47479,0.0017692032266896944,61
2014,MUSICSNDREC,1,47479,2.1061943174877314e-05,1
2014,REGPRINT,6,47479,0.00012637165904926388,4
2014,SOUNDCASS,3,47479,6.318582952463194e-05,3
2014,SOUNDDISC,5453,47479,0.114850776132606,1603
2014,"SOUNDDISC, VIDEODISC",82,47479,0.0017270793403399397,33
2014,SOUNDREC,11,47479,0.00023168137492365047,7
2014,VIDEODISC,12939,47479,0.27252048273973756,1316
2014,VISUAL,32,47479,0.0006739821815960741,4
2015,BOOK,27433,42592,0.6440880916604057,9152
2015,CR,70,42592,0.0016435011269722013,31
2015,ER,16,42592,0.0003756574004507889,14
2015,"ER, SOUNDDISC",1,42592,2.3478587528174306e-05,1
2015,"ER, VIDEODISC",8,42592,0.00018782870022539445,4
2015,MAP,1,42592,2.3478587528174306e-05,1
2015,MUSIC,60,42592,0.0014087152516904582,53
2015,MUSICSNDREC,1,42592,2.3478587528174306e-05,1
2015,REGPRINT,1,42592,2.3478587528174306e-05,1
2015,SOUNDCASS,9,42592,0.00021130728775356874,8
2015,SOUNDDISC,4909,42592,0.11525638617580766,1822
2015,"SOUNDDISC, VIDEODISC",181,42592,0.004249624342599549,47
2015,SOUNDREC,9,42592,0.00021130728775356874,4
2015,VIDEODISC,9883,42592,0.23203888054094665,1359
2015,VISUAL,10,42592,0.00023478587528174305,2
2016,ATLAS,3,42497,7.059321834482434e-05,3
2016,BOOK,28258,42497,0.664941054662682,9310
2016,CR,11,42497,0.00025884180059768927,6
2016,ER,21,42497,0.0004941525284137704,15
2016,"ER, SOUNDDISC",1,42497,2.3531072781608115e-05,1
2016,"ER, VIDEODISC",50,42497,0.0011765536390804057,4
2016,MUSIC,45,42497,0.001058898275172365,39
2016,REGPRINT,24,42497,0.0005647457467585947,8
2016,SOUNDCASS,6,42497,0.00014118643668964867,6
2016,SOUNDDISC,4171,42497,0.09814810457208745,1615
2016,"SOUNDDISC, VIDEODISC",42,42497,0.0009883050568275408,21
2016,SOUNDREC,11,42497,0.00025884180059768927,6
2016,VIDEODISC,9854,42497,0.23187519118996636,1466
2017,ATLAS,11,43179,0.00025475346812107736,8
2017,BOOK,28190,43179,0.6528636605757429,9129
2017,CR,6,43179,0.0001389564371569513,4
2017,ER,23,43179,0.00053266634243498,16
2017,"ER, SOUNDDISC",2,43179,4.631881238565043e-05,2
2017,"ER, VIDEODISC",8,43179,0.00018527524954260172,1
2017,MUSIC,41,43179,0.0009495356539058338,39
2017,REGPRINT,21,43179,0.00048634753004932955,13
2017,SOUNDDISC,4298,43179,0.09953912781676277,1640
2017,"SOUNDDISC, VIDEODISC",51,43179,0.001181129715834086,25
2017,SOUNDREC,10,43179,0.00023159406192825216,7
2017,VIDEODISC,10518,43179,0.24359063433613562,1616
2018,ATLAS,36,40511,0.0008886475278319469,9
2018,BOOK,27638,40511,0.6822344548394264,9231
2018,CR,30,40511,0.0007405396065266223,4
2018,ER,32,40511,0.0007899089136283972,13
2018,"ER, SOUNDDISC",2,40511,4.9369307101774825e-05,2
2018,"ER, VIDEODISC",5,40511,0.00012342326775443706,2
2018,MUSIC,80,40511,0.001974772284070993,67
2018,REGPRINT,64,40511,0.0015798178272567944,11
2018,SOUNDDISC,3738,40511,0.09227123497321715,1629
2018,"SOUNDDISC, VIDEODISC",25,40511,0.0006171163387721853,18
2018,SOUNDREC,5,40511,0.00012342326775443706,5
2018,VIDEODISC,8856,40511,0.21860729184665892,1509
2019,ATLAS,9,45511,0.00019775438904880138,4
2019,BOOK,33256,45511,0.7307244402452154,9224
2019,CR,4,45511,8.789083957724506e-05,3
2019,ER,18,45511,0.00039550877809760277,8
2019,LARGEPRINT,3,45511,6.59181296829338e-05,2
2019,MAP,5,45511,0.00010986354947155632,5
2019,MUSIC,33,45511,0.0007250994265122718,30
2019,REGPRINT,86,45511,0.001889653050910769,24
2019,SOUNDDISC,3291,45511,0.07231218826217838,1532
2019,"SOUNDDISC, VIDEODISC",18,45511,0.00039550877809760277,15
2019,SOUNDREC,6,45511,0.0001318362593658676,5
2019,VIDEODISC,8782,45511,0.19296433829184154,1648
2020,ATLAS,42,33486,0.001254255509765275,14
2020,BOOK,25040,33486,0.7477751896314878,9570
2020,CR,13,33486,0.0003882219434987756,5
2020,ER,35,33486,0.0010452129248043958,10
2020,"ER, VIDEODISC",2,33486,5.9726452845965476e-05,1
2020,LARGEPRINT,4,33486,0.00011945290569193095,2
2020,MAP,10,33486,0.00029863226422982737,8
2020,MUSIC,68,33486,0.002030699396762826,67
2020,PICTURE,1,33486,2.9863226422982738e-05,1
2020,REGPRINT,84,33486,0.00250851101953055,43
2020,SOUNDDISC,2086,33486,0.06229469031834199,1207
2020,"SOUNDDISC, VIDEODISC",20,33486,0.0005972645284596547,11
2020,SOUNDREC,5,33486,0.00014931613211491369,5
2020,VIDEODISC,6076,33486,0.18144896374604313,1556
2021,ATLAS,12,34360,0.0003492433061699651,8
2021,BOOK,27698,34360,0.8061117578579744,9707
2021,CR,2,34360,5.820721769499418e-05,2
2021,ER,18,34360,0.0005238649592549476,9
2021,"ER, SOUNDDISC",4,34360,0.00011641443538998836,3
2021,LARGEPRINT,9,34360,0.0002619324796274738,7
2021,MAP,6,34360,0.00017462165308498254,6
2021,MUSIC,77,34360,0.002240977881257276,73
2021,MUSICSNDREC,5,34360,0.00014551804423748544,4
2021,REGPRINT,151,34360,0.004394644935972061,49
2021,SOUNDDISC,1760,34360,0.051222351571594875,1174
2021,"SOUNDDISC, VIDEODISC",10,34360,0.0002910360884749709,10
2021,SOUNDREC,8,34360,0.00023282887077997672,7
2021,VIDEODISC,4597,34360,0.13378928987194413,1439
2021,VISUAL,3,34360,8.731082654249127e-05,2
2022,ATLAS,42,33787,0.0012430816586260988,19
2022,BOOK,27489,33787,0.8135969455707817,9960
2022,CR,1,33787,2.9597182348240448e-05,1
2022,ER,8,33787,0.00023677745878592359,8
2022,"ER, SOUNDDISC",1,33787,2.9597182348240448e-05,1
2022,"ER, SOUNDREC",13,33787,0.00038476337052712584,4
2022,LARGEPRINT,15,33787,0.0004439577352236067,13
2022,MAP,5,33787,0.00014798591174120223,5
2022,MUSIC,106,33787,0.0031373013289134875,102
2022,PICTURE,1,33787,2.9597182348240448e-05,1
2022,REGPRINT,163,33787,0.004824340722763193,53
2022,SOUNDDISC,1633,33787,0.04833219877467665,1080
2022,"SOUNDDISC, VIDEODISC",22,33787,0.0006511380116612899,13
2022,SOUNDREC,4,33787,0.00011838872939296179,4
2022,VIDEODISC,4275,33787,0.12652795453872792,1230
2022,VISUAL,9,33787,0.00026637464113416404,6
2023,ATLAS,56,33660,0.0016636957813428402,24
2023,BOOK,27977,33660,0.83116458704694,10258
2023,ER,4,33660,0.00011883541295306001,4
2023,"ER, SOUNDDISC",1,33660,2.9708853238265002e-05,1
2023,"ER, SOUNDREC",88,33660,0.00261437908496732,17
2023,"ER, VIDEODISC",5,33660,0.00014854426619132502,3
2023,LARGEPRINT,52,33660,0.0015448603683897802,29
2023,MAP,12,33660,0.00035650623885918,6
2023,MUSIC,84,33660,0.0024955436720142605,79
2023,REGPRINT,417,33660,0.012388591800356506,75
2023,SOUNDDISC,1250,33660,0.037136066547831255,860
2023,"SOUNDDISC, VIDEODISC",11,33660,0.000326797385620915,8
2023,SOUNDREC,4,33660,0.00011883541295306001,3
2023,VIDEODISC,3694,33660,0.10974450386215093,1129
2023,VISUAL,5,33660,0.00014854426619132502,4
2024,ATLAS,45,30706,0.0014655116263922361,17
2024,BOOK,25489,30706,0.8300983521135934,10471
2024,CR,2,30706,6.513385006187716e-05,1
2024,ER,5,30706,0.0001628346251546929,4
2024,"ER, SOUNDREC",43,30706,0.001400377776330359,17
2024,LARGEPRINT,38,30706,0.001237543151175666,31
2024,MAP,5,30706,0.0001628346251546929,4
2024,MUSIC,69,30706,0.002247117827134762,62
2024,REGPRINT,376,30706,0.012245163811632905,105
2024,SOUNDDISC,1008,30706,0.03282746043118609,703
2024,"SOUNDDISC, VIDEODISC",5,30706,0.0001628346251546929,5
2024,SOUNDREC,10,30706,0.0003256692503093858,9
2024,VIDEODISC,3611,30706,0.11759916628671921,1071
2025,ATLAS,33,32011,0.0010308956296273156,20
2025,BOOK,25147,32011,0.7855737090375183,10321
2025,ER,3,32011,9.371778451157415e-05,3
2025,"ER, SOUNDREC",60,32011,0.001874355690231483,23
2025,LARGEPRINT,125,32011,0.0039049076879822562,47
2025,MAP,3,32011,9.371778451157415e-05,2
2025,MICROFORM,1,32011,3.123926150385805e-05,1
2025,MUSIC,67,32011,0.0020930305207584893,63
2025,NOTATEDMUSIC,1,32011,3.123926150385805e-05,1
2025,REGPRINT,469,32011,0.014651213645309425,128
2025,SOUNDDISC,1174,32011,0.03667489300552935,821
2025,"SOUNDDISC, VIDEODISC",11,32011,0.0003436318765424385,8
2025,SOUNDREC,2,32011,6.24785230077161e-05,2
2025,VIDEODISC,4910,32011,0.153384773983943,1058
2025,VISUAL,5,32011,0.00015619630751929024,2
