checkoutyear,rank_in_year,total_sampled_checkouts,usageclass,checkouttype,materialtype,title,isbn,creator,subjects,publisher,publicationyear,sample_design
2006,1,877,Physical,Horizon,VIDEODISC,"Cinderella man [videorecording] / Universal Pictures ; Miramax Films ; Imagine Entertainment ; Parkway Productions ; Touchstone Pictures ; produced by Brian Grazer, Ron Howard, Penny Marshall ; story by Cliff Hollingsworth ; screenplay by Cliff Hollingsworth and Akiva Goldsman ; directed by Ron Howard.",,,"Braddock James J James Joseph 1905 1974 Drama, Boxers Sports Drama, Boxing matches Drama, Feature films, Boxing films, Video recordings for the hearing impaired","Universal Pictures,",c2005.,balanced_by_year_and_usageclass
2006,2,485,Physical,Horizon,VIDEODISC,"The fog [videorecording] / David Foster Productions ; Revolution Studios ; Debra Hill Productions ; produced by John Carpenter, David Foster, Debra Hill ; screenplay by Cooper Layne ; directed by Rupert Wainwright.",,,"Fog California Drama, Ghosts California Drama, Revenge Drama, Feature films, Horror films, Video recordings for the hearing impaired","Sony Pictures Home Entertainment,",[2006],balanced_by_year_and_usageclass
2006,3,478,Physical,Horizon,VIDEOCASS | VIDEODISC,City by the sea,,,"Video recordings for the hearing impaired, Feature films, Fathers and sons Drama, Criminal investigation Drama, Detectives New York State Manhattan New York Drama",,,balanced_by_year_and_usageclass
2006,4,384,Physical,Horizon,VIDEODISC,The fifth element [videorecording] / Columbia Pictures presents a Gaumont production ; screenplay by Luc Besson & Robert Mark Kamen ; story by Luc Besson ; produced by Patrice Ledoux ; directed by Luc Besson.,,,"Good and evil Drama, Feature films, Science fiction films, Video recordings for the hearing impaired","Columbia TriStar Home Entertainment,",[2005],balanced_by_year_and_usageclass
2006,5,312,Physical,Horizon,SOUNDDISC,Clap Your Hands Say Yeah [sound recording].,,Clap Your Hands Say Yeah (Musical group),Rock music 2001 2010,"Clap Your Hands Say Yeah,",p2005.,balanced_by_year_and_usageclass
2006,6,299,Physical,Horizon,BOOK | MIXED | SOUNDDISC | VIDEOCASS | VIDEODISC,Cinderella,,,"Animated films, Fairy tales, Video recordings for the hearing impaired, Video recordings for people with visual disabilities, Childrens films, Cinderella Legendary character Drama | Animated films, Video recordings for the hearing impaired, Feature films, Childrens films | Childrens stories, Fairy tales | Fairy tales | Folklore France, Fairy tales | Folklore, Fairy tales | Motion picture music Juvenil sound recordings | Princesses Fiction, Princes Fiction, Stepsisters Fiction, Stepchildren Fiction, Video recordings for the hearing impaired, Cinderella Legendary character Fiction, Animated films, Childrens films, Feature films | Video recordings for the hearing impaired, Childrens films, Stepdaughters Juvenile drama, Princes Juvenile drama",,,balanced_by_year_and_usageclass
2006,7,275,Physical,Horizon,VIDEOCASS | VIDEODISC,Citizen Kane,,,"Citizen Kane Motion picture, Welles Orson 1915 1985, Video recordings for the hearing impaired, Feature films, Hearst William Randolph 1863 1951 Drama | Citizen Kane Motion picture, Welles Orson 1915, Video recordings for the hearing impaired, Feature films, Hearst William Randolph 1863 1951 Drama | Feature films | Video recordings for the hearing impaired, Feature films",,,balanced_by_year_and_usageclass
2006,8,260,Physical,Horizon,SOUNDDISC,Living with war,,,"Protest songs, Rock music 2001 2010, Iraq War 2003 Songs and music",,,balanced_by_year_and_usageclass
2006,9,241,Physical,Horizon,BOOK,The family book / Todd Parr.,,"Parr, Todd","Families Fiction, Individuality Juvenile fiction","Little, Brown,",c2003.,balanced_by_year_and_usageclass
2006,10,239,Physical,Horizon,VIDEODISC,The five people you meet in Heaven [videorecording] / Hallmark Entertainment ; produced by Howard Ellis ; written for television by Mitch Albom ; directed by Lloyd Kramer.,,,"Heaven Drama, Amusement rides Drama, Death Drama, Made for TV movies, Fantasy television programs, Video recordings for the hearing impaired","Hallmark Entertainment ; Distributed by Artisan Home Entertainment,",[2005],balanced_by_year_and_usageclass
2007,1,650,Physical,Horizon,VIDEODISC,"The good shepherd [videorecording] / Universal Pictures ; Morgan Creek Productions ; Tribeca Productions ; American Zoetrope ; produced by Robert De Niro, James G. Robinson, Jane Rosenthal ; written by Eric Roth ; directed by Robert De Niro.",,,"Employees Recruiting Drama, Intelligence officers Drama, United States Office of Strategic Services Drama, United States Central Intelligence Agency Drama, Official secrets Drama, Suspicion Drama, Man woman relationships Drama, Feature films, Thrillers Motion pictures, Fiction films, Video recordings for the hearing impaired","Universal Pictures,",[2007],balanced_by_year_and_usageclass
2007,2,544,Physical,Horizon,VIDEODISC,"The good German [videorecording] / Warner Bros. Pictures presents in association with Virtual Studios ; a Section Eight production ; produced by Ben Cosgrove, Gregory Jacobs ; screenplay by Paul Attanasio ; directed by Steven Soderbergh.",,,"War correspondents Germany Berlin Drama, Missing persons Investigation Drama, Triangles Interpersonal relations Drama, Black market Drama, Berlin Germany Drama, Feature films, Video recordings for the hearing impaired, Thrillers Motion pictures, Detective and mystery films","Warner Home Video,","2007, c2006.",balanced_by_year_and_usageclass
2007,3,430,Physical,Horizon,BOOK,The God delusion / Richard Dawkins.,,"Dawkins, Richard, 1941-","Irreligion, Atheism, God, Religion","Houghton Mifflin Co.,",2006.,balanced_by_year_and_usageclass
2007,4,311,Physical,Horizon,BOOK,The good husband of Zebra Drive / Alexander McCall Smith.,,"McCall Smith, Alexander, 1948-","Ramotswe Precious Fictitious character Fiction, No 1 Ladies Detective Agency Imaginary organization Fiction, Women private investigators Botswana Fiction, Husbands Fiction, Parent and child Fiction, Botswana Fiction, Mystery fiction","Pantheon Books,",c2007.,balanced_by_year_and_usageclass
2007,5,299,Physical,Horizon,BOOK,The glass castle : a memoir / Jeannette Walls.,,"Walls, Jeannette","Walls Jeannette, Children of alcoholics United States Biography, Children of alcoholics West Virginia Welch Biography, Dysfunctional families United States Case studies, Dysfunctional families West Virginia Welch Case studies, Poor West Virginia Welch Biography, Homeless persons New York State New York Family relationships","Scribner,",c2005.,balanced_by_year_and_usageclass
2007,6,298,Physical,Horizon,SOUNDDISC,Clap Your Hands Say Yeah [sound recording].,,Clap Your Hands Say Yeah (Musical group),Rock music 2001 2010,"Clap Your Hands Say Yeah,",p2005.,balanced_by_year_and_usageclass
2007,7,289,Physical,Horizon,VIDEOCASS | VIDEODISC,City by the sea,,,"Fathers and sons Drama, Video recordings for the hearing impaired, Criminal investigation Drama, Detectives New York State Manhattan New York Drama, Feature films | Video recordings for the hearing impaired, Feature films, Fathers and sons Drama, Criminal investigation Drama, Detectives New York State Manhattan New York Drama",,,balanced_by_year_and_usageclass
2007,8,280,Physical,Horizon,VIDEODISC,"Cinderella man [videorecording] / Universal Pictures ; Miramax Films ; Imagine Entertainment ; Parkway Productions ; Touchstone Pictures ; produced by Brian Grazer, Ron Howard, Penny Marshall ; story by Cliff Hollingsworth ; screenplay by Cliff Hollingsworth and Akiva Goldsman ; directed by Ron Howard.",,,"Braddock James J James Joseph 1905 1974 Drama, Boxers Sports Drama, Boxing matches Drama, Feature films, Boxing films, Video recordings for the hearing impaired","Universal Pictures,",c2005.,balanced_by_year_and_usageclass
2007,9,269,Physical,Horizon,BOOK | SOUNDCASS | VIDEOCASS | VIDEODISC,Lolita,,,"Erotic fiction, Love stories | Erotic fiction, Love stories, Large type books | Erotic fiction, Love stories, Middle aged men Fiction, Girls Fiction | Video recordings for the hearing impaired, Feature films",,,balanced_by_year_and_usageclass
2007,10,238,Physical,Horizon,VIDEODISC,lookout,,,"Bank robberies Drama, High school students Drama, Video recordings for the hearing impaired, Suspense films, Traffic accident victims Drama, Feature films, Criminal behavior Drama, Memory disorders Drama, Thrillers Motion pictures television etc",,,balanced_by_year_and_usageclass
2008,1,592,Physical,Horizon,VIDEODISC,Love in the time of cholera [videorecording] / New Line Cinema ; Stone Village Pictures in association with Grosvenor Park Media ; produced by Scott Steindorff ; screenplay by Ronald Harwood ; directed by Mike Newell.,,,"First loves Drama, Physician and patient Drama, Man woman relationships Drama, Colombia Drama, Feature films, Melodramas Motion pictures, Video recordings for the hearing impaired","New Line Home Entertainment : Distributed by Warner Home Video,",[2008],balanced_by_year_and_usageclass
2008,2,546,Physical,Horizon,VIDEODISC,"The holiday [videorecording] / Columbia Pictures Corporation ; Relativity Media ; Universal Pictures ; Waverly Films ; produced by Bruce A. Block, Nancy Meyers ; written by Nancy Meyers ; directed by Nancy Meyers.",,,"Home exchanging Drama, Los Angeles Calif Drama, Surrey England Drama, Women Sexual behavior Drama, Man woman relationships Drama, Feature films, Romantic comedy films, Video recordings for the hearing impaired","Sony Pictures Home Entertainment,",[2007],balanced_by_year_and_usageclass
2008,3,533,Physical,Horizon,VIDEODISC,"The good shepherd [videorecording] / Universal Pictures ; Morgan Creek Productions ; Tribeca Productions ; American Zoetrope ; produced by Robert De Niro, James G. Robinson, Jane Rosenthal ; written by Eric Roth ; directed by Robert De Niro.",,,"Employees Recruiting Drama, Intelligence officers Drama, United States Office of Strategic Services Drama, United States Central Intelligence Agency Drama, Official secrets Drama, Suspicion Drama, Man woman relationships Drama, Feature films, Thrillers Motion pictures, Fiction films, Video recordings for the hearing impaired","Universal Pictures,",[2007],balanced_by_year_and_usageclass
2008,4,471,Physical,Horizon,VIDEODISC,"The guardian [videorecording] / Beacon Pictures ; Contrafilm ; A School Productions ; Firm Films ; Touchstone Pictures ; produced by Beau Flynn, Tripp Vinson ; written by Ron L. Brinkerhoff ; directed by Andrew Davis.",,,"United States Coast Guard Drama, Rescue work Drama, Survival swimming Drama, Lifesaving Drama, Feature films, Thrillers Motion pictures, Fiction films, Video recordings for the hearing impaired","Touchstone Home Entertainment : Distributed by Buena Vista Home Entertainment,",[2007],balanced_by_year_and_usageclass
2008,5,371,Physical,Horizon,SOUNDDISC,Clap Your Hands Say Yeah [sound recording].,,Clap Your Hands Say Yeah (Musical group),Rock music 2001 2010,"Clap Your Hands Say Yeah,",p2005.,balanced_by_year_and_usageclass
2008,6,356,Physical,Horizon,VIDEODISC,"The hunting party [videorecording] / The Weinstein Company ; QED International ; Intermedia ; a Gran Via/QED/Intermedia production ; a Cherry Road Films production ; produced by Mark Johnson, Scott Kroopf, Bill Block ; written, directed by Richard Shepard.",,,"Television journalists Drama, War criminals Drama, Missing persons Drama, Bosnia and Hercegovina Drama, Feature films, War films, Action and adventure films, Thrillers Motion pictures, Video recordings for the hearing impaired","The Weinstein Company Home Entertainment ; Distributed by Genius Products,",2008.,balanced_by_year_and_usageclass
2008,7,344,Physical,Horizon,VIDEODISC,"The illusionist [videorecording] / Bull's Eye Entertainment ; Bob Yari Productions ; Contagious Entertainment ; Michael London Productions ; Stillking Films ; produced by Brian Koppelman, David Levien, Michael London, Cathy Schulman, Bob Yari ; screenplay by Neil Burger ; directed by Neil Burger.",,,"Magicians Austria Vienna Drama, Hallucinations and illusions Austria Vienna Drama, Magic tricks Austria Vienna Drama, Criminal behavior Austria Vienna Drama, Criminal investigation Austria Vienna Drama, Feature films, Thrillers Motion pictures, Fiction films, Detective and mystery films","20th Century Fox Home Entertainment,",[2007],balanced_by_year_and_usageclass
2008,8,327,Physical,Horizon,VIDEODISC,"The hitchhiker's guide to the galaxy [videorecording] / a Barber/Birnbaum production, a Hammer and Tongs production, an Everyman Pictures ; producers, Gary Barber ... [and others] ; screenplay by Douglas Adams and Karey Kirkpatrick ; directed by Garth Jennings.",,,"Prefect Ford Fictitious character Drama, Dent Arthur Fictitious character Drama, End of the world Drama, Feature films, Science fiction films, Comedy films, Fiction films, Video recordings for the hearing impaired","Touchstone Home Entertainment : Distributed by Buena Vista Home Entertainment,",[2005],balanced_by_year_and_usageclass
2008,9,322,Physical,Horizon,VIDEODISC,"The good German [videorecording] / Warner Bros. Pictures presents in association with Virtual Studios ; a Section Eight production ; produced by Ben Cosgrove, Gregory Jacobs ; screenplay by Paul Attanasio ; directed by Steven Soderbergh.",,,"War correspondents Germany Berlin Drama, Missing persons Investigation Drama, Triangles Interpersonal relations Drama, Black market Drama, Berlin Germany Drama, Feature films, Video recordings for the hearing impaired, Thrillers Motion pictures, Detective and mystery films","Warner Home Video,","2007, c2006.",balanced_by_year_and_usageclass
2008,10,312,Physical,Horizon,VIDEODISC,"The history boys [videorecording] / Fox Searchlight Pictures and DNA Films and BBC Two Films ; in association with the UK Film Council ; a National Theatre production ; produced by Nicholas Hytner, Damian Jones, Kevin Loader ; screenplay by Alan Bennett ; directed by Nicholas Hytner.",,,"Teacher student relationships Drama, Education Drama, Boarding schools Drama, England Drama, Feature films, Fiction films, Comedy films, Video recordings for the hearing impaired","20th Century Fox Home Entertainment,",2007.,balanced_by_year_and_usageclass
2009,1,1125,Physical,Horizon,VIDEODISC,"The incredible Hulk [videorecording] / Universal Pictures ; Marvel Entertainment ; a Marvel Studios production ; a Valhalla Motion Pictures production ; produced by Avi Arad, Kevin Feige, Gale Anne Hurd ; screen story and screenplay by Zak Penn ; directed by Louis Leterrier.",,,"Hulk Fictitious character Drama, Scientists Drama, Man woman relationships Drama, Antidotes Drama, Science fiction films, Superhero films, Fantasy films, Video recordings for the hearing impaired, Fiction films, Feature films, Thrillers Motion pictures","Universal Studios Home Entertainment,",c2008.,balanced_by_year_and_usageclass
2009,2,804,Physical,Horizon,VIDEODISC,"The kite runner [videorecording] / DreamWorks Pictures ; Paramount Classics ; Participant Productions ; a Sidney Kimmel Entertainment and Parkes/MacDonald production ; produced by William Horberg, Walter Parkes, Rebecca Yeldham and E. Bennett Walsh ; screenplay by David Benioff ; directed by Marc Forster.",,,"Kabul Afghanistan Drama, Male friendship Drama, Social classes Drama, Afghanistan Drama, Betrayal Drama, Boys Drama, Thrillers Motion pictures, Video recordings for the hearing impaired, Feature films","Paramount Home Entertainment,",[2008],balanced_by_year_and_usageclass
2009,3,755,Physical,Horizon,VIDEODISC,"Mamma mia! [videorecording] / Universal Pictures ; a Playtone/Littlestar production ; produced by Judy Craymer, Gary Goetzman ; screenplay by Catherine Johnson ; directed by Phyllida Lloyd.",,,"Mothers and daughters Drama, Fathers and daughters Drama, Weddings Drama, Man woman relationships Drama, Greece Drama, Musical films, Romantic comedy films, Video recordings for the hearing impaired, Feature films, Fiction films","Universal Studios Home Entertainment,",c2008.,balanced_by_year_and_usageclass
2009,4,726,Physical,Horizon,VIDEODISC,"The illusionist [videorecording] / Bull's Eye Entertainment ; Bob Yari Productions ; Contagious Entertainment ; Michael London Productions ; Stillking Films ; produced by Brian Koppelman, David Levien, Michael London, Cathy Schulman, Bob Yari ; screenplay by Neil Burger ; directed by Neil Burger.",,,"Magicians Austria Vienna Drama, Hallucinations and illusions Austria Vienna Drama, Magic tricks Austria Vienna Drama, Criminal behavior Austria Vienna Drama, Criminal investigation Austria Vienna Drama, Feature films, Thrillers Motion pictures, Fiction films, Detective and mystery films","20th Century Fox Home Entertainment,",[2007],balanced_by_year_and_usageclass
2009,5,509,Physical,Horizon,VIDEODISC,Cleaner,,,"Police corruption Drama, Video recordings for the hearing impaired, Murder Investigation Drama, Suspense films, Feature films, Thrillers Motion pictures, Ex police officers Drama, Fiction films, Crime scenes Cleaning Drama",,,balanced_by_year_and_usageclass
2009,6,500,Physical,Horizon,VIDEODISC,"The hunting party [videorecording] / The Weinstein Company ; QED International ; Intermedia ; a Gran Via/QED/Intermedia production ; a Cherry Road Films production ; produced by Mark Johnson, Scott Kroopf, Bill Block ; written, directed by Richard Shepard.",,,"Television journalists Drama, War criminals Drama, Missing persons Drama, Bosnia and Hercegovina Drama, Feature films, War films, Action and adventure films, Thrillers Motion pictures, Video recordings for the hearing impaired","The Weinstein Company Home Entertainment ; Distributed by Genius Products,",2008.,balanced_by_year_and_usageclass
2009,7,472,Physical,Horizon,VIDEODISC,"City of Ember [videorecording] / 20th Century Fox ; Walden Media presents a Playtone production ; a film by Gil Kenan ; produced by Gary Goetzman, Tom Hanks, Steve Shareshian ; screenplay by Caroline Thompson ; directed by Gil Kenan.",,,"Occupations Juvenile drama, Technology and civilization Juvenile drama, Civilization Subterranean Juvenile drama, Electric generators Juvenile drama, Architects and builders Juvenile drama, Teenagers Conduct of life Juvenile drama, Feature films, Childrens films, Video recordings for the hearing impaired","20th Century Fox Home Entertainment,",2008.,balanced_by_year_and_usageclass
2009,8,384,Physical,Horizon,VIDEODISC,"CJ7 [videorecording] = Changjiang 7 hao / Sony Pictures Classics ; Columbia Pictures Film Production Asia ; Beijing Film Studio of China Film Group Corporation ; Star Overseas ; producers, Chiu Po Chu, Han San Ping ; written by Vincent Kok, Tsang Kan Cheong, Sandy Shaw Lai King, Fung Chih Chiang, Lam Fung ; written, produced and directed by Stephen Chow.",,,"Construction workers Drama, Fathers and sons China Drama, School children Drama, Human alien encounters Drama, China Drama, Science fiction films, Video recordings for the hearing impaired, Fiction films, Motion pictures Chinese, Feature films, Comedy films","Sony Pictures Home Entertainment,",c2008.,balanced_by_year_and_usageclass
2009,9,347,Physical,Horizon,VIDEODISC,"The ice harvest [videorecording] / Focus Features ; Bona Fide Productions ; produced by Albert Berger, Ron Yerxa ; screenplay by Richard Russo & Robert Benton ; directed by Harold Ramis.",,,"Lawyers Kansas Wichita Drama, Embezzlement Drama, Ice storms Kansas Wichita Drama, Feature films, Comedy films, Video recordings for the hearing impaired","Focus Features : Distributed by Universal Studios Home Entertainment,",[2006],balanced_by_year_and_usageclass
2009,10,310,Physical,Horizon,VIDEODISC,"The last king of Scotland [videorecording] / DNA Films ; Fox Searchlight Pictures ; FilmFour ; Cowboy Films ; Scottish Screen ; Slate Films ; Tatfilm ; UK Film Council ; produced by Lisa Bryer, Andrea Calderwood, Christine Ruppert, Charles Steel ; written by Jeremy Brock, Peter Morgan ; directed by Kevin Macdonald.",,,"Amin Idi 1925 2003 Drama, Physician and patient Uganda Drama, Genocide Uganda Drama, Dictators Uganda Drama, Despotism Uganda Drama, Uganda History 1971 1979 Drama, Uganda Politics and government 1971 1979 Drama, Feature films, Biographical films, Historical films, Video recordings for the hearing impaired, Thrillers Motion pictures","20th Century Fox Home Entertainment,",[2007],balanced_by_year_and_usageclass
2010,1,658,Physical,Horizon,VIDEODISC,"Mamma mia! [videorecording] / Universal Pictures ; a Playtone/Littlestar production ; produced by Judy Craymer, Gary Goetzman ; screenplay by Catherine Johnson ; directed by Phyllida Lloyd.",,,"Mothers and daughters Drama, Fathers and daughters Drama, Weddings Drama, Man woman relationships Drama, Greece Drama, Musical films, Romantic comedy films, Video recordings for the hearing impaired, Feature films, Fiction films","Universal Studios Home Entertainment,",c2008.,balanced_by_year_and_usageclass
2010,2,623,Physical,Horizon,VIDEODISC,"Man on wire [videorecording] / Magnolia Pictures, Discovery Films, BBC and the UK Film Council present a Wall to Wall production in association with Red Box Films ; co-producers, Victoria Gregory, Maureen A. Ryan ; produced by Simon Chinn ; directed by James Marsh.",,,"Petit Philippe 1949, Aerialists France Biography, World Trade Center New York N Y, Documentary films, Biographical films, Video recordings for the hearing impaired","Magnolia Home Entertainment,",2008.,balanced_by_year_and_usageclass
2010,3,537,Physical,Horizon,VIDEODISC,"Marley & me [videorecording] / Fox 2000 Pictures and Regency Enterprises ; a Gil Netter/Sunswept Entertainment production ; produced by Gil Netter, Karen Rosenfelt ; screenplay by Scott Frank and Don Roos ; directed by David Frankel.",,,"Labrador retriever Drama, Dogs Training Drama, Journalists Drama, Married people Drama, Families Drama, Human animal relationships Drama, Philadelphia Pa Drama, Florida Drama, Video recordings for the hearing impaired, Feature films, Fiction films, Comedy films","20th Century Fox Home Entertainment,",[2009],balanced_by_year_and_usageclass
2010,4,514,Physical,Horizon,VIDEODISC,Clash of the Titans [videorecording] / Metro-Goldwyn-Mayer ; produced by Charles H. Schneer and Ray Harryhausen ; written by Beverly Cross ; directed by Desmond Davis.,,,"Perseus Greek mythology Drama, Andromeda Greek mythology Drama, Zeus Greek deity Drama, Medusa Greek mythology Drama, Pegasus Greek mythology Drama, Fate and fatalism Drama, Riddles Drama, Fantasy films, Action and adventure films, Video recordings for the hearing impaired, Feature films, Fiction films","Distributed by Warner Home Video,",[2010],balanced_by_year_and_usageclass
2010,5,496,Physical,Horizon,VIDEODISC,Cleaner,,,"Police corruption Drama, Video recordings for the hearing impaired, Murder Investigation Drama, Suspense films, Feature films, Thrillers Motion pictures, Ex police officers Drama, Fiction films, Crime scenes Cleaning Drama",,,balanced_by_year_and_usageclass
2010,6,383,Physical,Horizon,BOOK,The lonely polygamist : a novel / Brady Udall.,,"Udall, Brady","Middle aged men Fiction, Polygamy Fiction, Bereavement Psychological aspects Fiction, Families Fiction","W.W. Norton,",c2010.,balanced_by_year_and_usageclass
2010,7,376,Physical,Horizon,BOOK,The lightning thief / Rick Riordan.,,"Riordan, Rick","Mythology Greek Juvenile fiction, Fantasy Fiction","Hyperion Books for Children,",c2005.,balanced_by_year_and_usageclass
2010,8,336,Physical,Horizon,VIDEODISC,"Martian child [videorecording] / New Line Cinema presents Rachel Production Services, Ltd. ; New Line Cinema ; produced by David Kirschner, Corey Sienega, Ed Elbert ; screenplay by Seth E. Bass & Jonathan Tolins ; directed by Menno Meyjes.",,,"Widowers Drama, Authors Drama, Adoption Drama, Imagination in children Drama, Life on other planets Drama, Feature films, Melodramas Motion pictures, Video recordings for the hearing impaired","New Line Home Entertainment : Warner Home Video [distributor],",[2008],balanced_by_year_and_usageclass
2010,9,334,Physical,Horizon,VIDEODISC,"The life aquatic with Steve Zissou [videorecording] / Life Aquatic ; Touchstone Pictures ; Scott Rudin Productions ; American Empirical Pictures ; produced by Wes Anderson, Barry Mendel, Scott Rudin ; written by Wes Anderson & Noah Baumbach ; directed by Wes Anderson.",,,"Oceanographers Drama, Scientific expeditions Drama, Sharks Drama, Man woman relationships Drama, Feature films, Comedy films, Video recordings for the hearing impaired","Touchstone Home Entertainment ; Distributed by Buena Vista Home Entertainment,",[2005].,balanced_by_year_and_usageclass
2010,10,328,Physical,Horizon,VIDEODISC,"Married life [videorecording] / Sony Pictures Classics ; Sidney Kimmel Entertainment ; an Anonymous Content,/Firm Films production ; produced by Steve Golin, Sidney Kimmel, Jawal Nga, Ira Sachs ; screenplay by Ira Sachs & Oren Moverman ; directed by Ira Sachs.",,,"Man woman relationships Drama, Triangles Interpersonal relations Drama, Uxoricide Drama, Middle class men Drama, Video recordings for the hearing impaired, Fiction films, Feature films","Sony Pictures Home Entertainment,",[2008],balanced_by_year_and_usageclass
2011,1,839,Physical,Horizon,BOOK,Cleopatra : a life / Stacy Schiff.,,"Schiff, Stacy","Cleopatra Queen of Egypt 30 B C, Queens Egypt Biography, Egypt Kings and rulers Biography, Egypt History 332 30 B C","Little, Brown and Co.,",c2010.,balanced_by_year_and_usageclass
2011,2,719,Physical,Horizon,VIDEODISC,"The men who stare at goats [videorecording] / Overture Films in association with Winchester Capital Management and BBC Films ; a Smokehouse/Paul Lister production ; produced by Paul Lister, George Clooney, Grant Heslov ; screenplay by Peter Straughan ; directed by Grant Heslov.",,,"Reporters and reporting Drama, United States Army Military life Drama, Parapsychology Military aspects Drama, Psychics Drama, United States Army Search and rescue operations Drama, Comedy films, War films, Feature films, Fiction films","Distributed by Anchor Bay Entertainment,",[2010],balanced_by_year_and_usageclass
2011,3,554,Physical,Horizon,VIDEODISC,Cleaner,,,"Crime scenes Cleaning Drama, Murder Investigation Drama, Police corruption Drama, Ex police officers Drama, Feature films, Fiction films, Thrillers Motion pictures, Video recordings for the hearing impaired, Suspense films | Police corruption Drama, Video recordings for the hearing impaired, Murder Investigation Drama, Suspense films, Feature films, Thrillers Motion pictures, Ex police officers Drama, Fiction films, Crime scenes Cleaning Drama",,,balanced_by_year_and_usageclass
2011,4,392,Physical,Horizon,BOOK,"Click, clack, moo : cows that type / by Doreen Cronin ; pictures by Betsy Lewin.",,"Cronin, Doreen","Cows Juvenile fiction, Domestic animals Juvenile fiction, Typewriters Juvenile fiction","Simon & Schuster Books for Young Readers,",c2000.,balanced_by_year_and_usageclass
2011,5,354,Physical,Horizon,VIDEODISC,"Client 9 [videorecording] : the rise and fall of Eliot Spitzer / Magnolia Pictures and A&E Indiefilms present in association with Wider Film Projects and Jigsaw Productions ; produced by Alex Gibney, Jedd Wider, Todd Wider ; written and directed by Alex Gibney.",,,"Spitzer Eliot, Governors New York State Biography, Attorneys general New York State Biography, New York State Politics and government 1951, Political corruption New York State, Documentary films, Nonfiction films, Video recordings for the hearing impaired","Distributed by Magnolia Home Entertainment,",c2011.,balanced_by_year_and_usageclass
2011,6,284,Physical,Horizon,VIDEODISC,"Megamind [videorecording] / Dreamworks Animation SKG presents ; a PDI/Dreamworks production ; written by Alan Schoolcraft & Brent Simons ; produced by Lara Breay, Denise Nolan Cascino ; directed by Tom McGrath.",,,"Superheroes Juvenile drama, Criminals Juvenile drama, Good and evil Juvenile drama, Feature films, Animated films, Comedy films, Childrens films, Video recordings for the hearing impaired, Video recordings for people with visual disabilities","DreamWorks Home Entertainment,","2011, c2010.",balanced_by_year_and_usageclass
2011,7,265,Physical,Horizon,VIDEODISC,"The messenger [videorecording] / Oscilloscope Laboratores ; Omnilab Media ; Sherezade Films ; the Mark Gordon Company ; Good ; produced by Mark Gordon, Lawrence Inglee, Zach Miller ; written by Alessandro Camon & Oren Moverman ; directed by Oren Moverman.",,,"Iraq War 2003 2011 Veterans Drama, Veterans Drama, War widows Drama, Man woman relationships Drama, Feature films, Fiction films","Oscilloscope Pictures,",2010.,balanced_by_year_and_usageclass
2011,8,232,Physical,Horizon,VIDEODISC,Clean,,,"Drug addicts Rehabilitation Drama, Mothers and sons Drama, Children of drug addicts Drama, Feature films, Fiction films | Mothers and sons Drama, Feature films, Drug addicts Rehabilitation Drama, Children of drug addicts Drama, Fiction films",,,balanced_by_year_and_usageclass
2011,9,230,Physical,Horizon,VIDEODISC,"Cleopatra [videorecording] / Twentieth Century Fox ; produced by Walter Wanger ; screenplay by Joseph L. Mankiewicz, Ranald MacDougall and Sidney Buchman ; directed by Joseph L. Mankiewicz.",,,"Cleopatra Queen of Egypt 30 B C Drama, Antonius Marcus 83 30 B C Drama, Caesar Julius Drama, Queens Egypt Drama, Egypt History 332 30 B C Drama, Feature films, Video recordings for the hearing impaired","Twentieth Century Fox Home Entertainment, Inc.,",[2006],balanced_by_year_and_usageclass
2011,10,230,Physical,Horizon,BOOK,Clifford the big red dog / story and pictures by Norman Bridwell.,,"Bridwell, Norman",Dogs Fiction,"Scholastic,","2002, c1963.",balanced_by_year_and_usageclass
2012,1,1154,Physical,Horizon,VIDEODISC,"Midnight in Paris [videorecording] / Sony Pictures Classics ; a Mediapro, Versátil Cinema & Gravier production ; a Pontchartrain production ; produced by Letty Aronson, Stephen Tenenbaum, Jaume Roures ; written and directed by Woody Allen.",,,"Paris France Drama, Time travel Drama, Fianc‚s Drama, Fianc‚es Drama, Feature films, Fiction films, Fantasy films, Comedy films, Video recordings for the hearing impaired","Sony Pictures Classics,",c2011.,balanced_by_year_and_usageclass
2012,2,990,Physical,Horizon,VIDEODISC,"The muppets [videorecording] / Disney presents ; produced by David Hoberman, Todd Lieberman ; written by Jason Segel, Nicholas Stoller ; directed by James Bobin.",,,"Muppets Fictitious characters Juvenile drama, Fund raising Juvenile drama, Los Angeles Calif Juvenile drama, Puppet films, Feature films, Childrens films, Video recordings for the hearing impaired, Video recordings for people with visual disabilities","Disney DVD : Distributed by Buena Vista Home Entertainment,",2012.,balanced_by_year_and_usageclass
2012,3,352,Physical,Horizon,VIDEODISC,"Cloudy with a chance of meatballs [videorecording] / Columbia Pictures and Sony Pictures Animation ; produced by Pam Marsden ; screenplay by Phil Lord, Chris Miller ; directed by Phil Lord, Chris Miller.",,,"Inventors Juvenile fiction, Television weathercasters Juvenile fiction, Bullying Juvenile fiction, Police Juvenile fiction, Food habits Juvenile fiction, Childrens films, Animated films, Video recordings for the hearing impaired, Feature films","Sony Pictures Home Entertainment,",2010.,balanced_by_year_and_usageclass
2012,4,322,Physical,Horizon,VIDEODISC,"Michael Clayton [videorecording] / Warner Bros. Pictures presents in association with Samuels Media and Castle Rock Entertainment a Mirage Enterprises/Section Eight production ; produced by Jennifer Fox, Kerry Orent, Sydney Pollack, Steve Samuels ; written and directed by Tony Gilroy.",,,"Corporate lawyers New York State New York Drama, Class actions Civil procedure New York State New York Drama, Law firms New York State New York Drama, Corporate lawyers Malpractice Drama, New York N Y Drama, Feature films, Legal films, Video recordings for the hearing impaired, Thrillers Motion pictures","Warner Home Video,",[2008],balanced_by_year_and_usageclass
2012,5,306,Physical,Horizon,VIDEODISC,"The men who stare at goats [videorecording] / Overture Films in association with Winchester Capital Management and BBC Films ; a Smokehouse/Paul Lister production ; produced by Paul Lister, George Clooney, Grant Heslov ; screenplay by Peter Straughan ; directed by Grant Heslov.",,,"Reporters and reporting Drama, United States Army Military life Drama, Parapsychology Military aspects Drama, Psychics Drama, United States Army Search and rescue operations Drama, Comedy films, War films, Feature films, Fiction films","Distributed by Anchor Bay Entertainment,",[2010],balanced_by_year_and_usageclass
2012,6,281,Physical,Horizon,BOOK,Cleopatra : a life / Stacy Schiff.,,"Schiff, Stacy","Cleopatra Queen of Egypt 30 B C, Queens Egypt Biography, Egypt Kings and rulers Biography, Egypt History 332 30 B C","Little, Brown and Co.,",c2010.,balanced_by_year_and_usageclass
2012,7,272,Physical,Horizon,BOOK,"Click, clack, moo : cows that type / by Doreen Cronin ; pictures by Betsy Lewin.",,"Cronin, Doreen","Cows Juvenile fiction, Domestic animals Juvenile fiction, Typewriters Juvenile fiction","Simon & Schuster Books for Young Readers,",c2000.,balanced_by_year_and_usageclass
2012,8,266,Physical,Horizon,VIDEODISC,"The messenger [videorecording] / Oscilloscope Laboratores ; Omnilab Media ; Sherezade Films ; the Mark Gordon Company ; Good ; produced by Mark Gordon, Lawrence Inglee, Zach Miller ; written by Alessandro Camon & Oren Moverman ; directed by Oren Moverman.",,,"Iraq War 2003 2011 Veterans Drama, Veterans Drama, War widows Drama, Man woman relationships Drama, Feature films, Fiction films","Oscilloscope Pictures,",2010.,balanced_by_year_and_usageclass
2012,9,248,Physical,Horizon,VIDEODISC,Mildred Pierce [videorecording] / HBO miniseries ; in association with Metro-Goldwyn-Mayer ; a Killer Films/John Wells production ; teleplay by Todd Haynes & Jon Raymond ; directed by Todd Haynes.,,,"Mothers and daughters Drama, Depressions 1929 Drama, Women Social conditions Drama, Television mini series, Fiction television programs, Television melodramas, Video recordings for the hearing impaired","Home Box Office ; distributed by Warner Home Video,",c2012.,balanced_by_year_and_usageclass
2012,10,247,Physical,Horizon,VIDEODISC,"Client 9 [videorecording] : the rise and fall of Eliot Spitzer / Magnolia Pictures and A&E Indiefilms present in association with Wider Film Projects and Jigsaw Productions ; produced by Alex Gibney, Jedd Wider, Todd Wider ; written and directed by Alex Gibney.",,,"Spitzer Eliot, Governors New York State Biography, Attorneys general New York State Biography, New York State Politics and government 1951, Political corruption New York State, Documentary films, Nonfiction films, Video recordings for the hearing impaired","Distributed by Magnolia Home Entertainment,",c2011.,balanced_by_year_and_usageclass
2013,1,1151,Physical,Horizon,VIDEODISC,"Cloud atlas [videorecording] / Warner Bros. Pictures ; a Cloud Atlas/X-Filme Creative Pool/Anarchos production ; produced by Grant Hill, Stefan Arndt, Lana Wachowski, Tom Tykwer, Andy Wachowski ; written for the screen and directed by Lana Wachowski, Tom Tykwer, Andy Wachowski.",,,"Fate and fatalism Drama, Reincarnation Drama, Feature films, Science fiction films, Video recordings for the hearing impaired, Fiction films","Warner Home Video,",c2013.,balanced_by_year_and_usageclass
2013,2,717,Physical,Horizon,VIDEODISC,"Moonrise kingdom [videorecording] / Focus Features ; Indian Paintbrush ; an American Empirical picture ; produced by Wes Anderson, Scott Rudin, Steven Rales, Jeremy Dawson ; written by Wes Anderson and Roman Coppola ; directed by Wes Anderson.",,,"Preteens Drama, Runaway children Drama, New England Drama, Coming of age films, Feature films, Fiction films, Comedy films, Video recordings for the hearing impaired, Video recordings for people with visual disabilities","Focus Features,",c2012.,balanced_by_year_and_usageclass
2013,3,618,Physical,Horizon,BOOK,Cloud atlas : a novel / David Mitchell.,,"Mitchell, David (David Stephen)","Fate and fatalism Fiction, Reincarnation Fiction, Fantasy fiction","Random House Trade Paperbacks,",c2004.,balanced_by_year_and_usageclass
2013,4,587,Physical,Horizon,VIDEODISC,The newsroom. The complete first season [videorecording] / HBO Entertainment.,,,"Broadcast journalism Drama, Television journalists Drama, Women television producers and directors Drama, Television producers and directors Drama, Television broadcasting of news Drama, Man woman relationships Drama, Television series, Fiction television programs, Video recordings for the hearing impaired","Home Box Office : Warner Home Video,",[2013],balanced_by_year_and_usageclass
2013,5,485,Physical,Horizon,BOOK,Code name Verity / Elizabeth Wein.,,"Wein, Elizabeth","Women air pilots Juvenile fiction, Air pilots Juvenile fiction, World War 1939 1945 Juvenile fiction, Friendship Fiction, Nazis Juvenile fiction, Spies Fiction, Insurgency Juvenile fiction, Great Britain History 1936 1945 Juvenile fiction, France History German occupation 1940 1945 Juvenile fiction","Hyperion Books,",c2012.,balanced_by_year_and_usageclass
2013,6,423,Physical,Horizon,VIDEODISC,"Cloudy with a chance of meatballs [videorecording] / Columbia Pictures and Sony Pictures Animation ; produced by Pam Marsden ; screenplay by Phil Lord, Chris Miller ; directed by Phil Lord, Chris Miller.",,,"Inventors Juvenile fiction, Television weathercasters Juvenile fiction, Bullying Juvenile fiction, Police Juvenile fiction, Food habits Juvenile fiction, Childrens films, Animated films, Video recordings for the hearing impaired, Feature films","Sony Pictures Home Entertainment,",2010.,balanced_by_year_and_usageclass
2013,7,419,Physical,Horizon,VIDEODISC,"Coco avant Chanel [videorecording] = Coco before Chanel / Sony Pictures Classics ; Warner Bros. Pictures ; une coproduction Haut et Court, Cine @, Warner Bros. Entertainment France, France 2 Cinema ; avec la participation de Canal+, Cinecinema, France 2 en association avec Films Distribution, Cofinova 5, Banque Populaire Images 9, et Scope Pictures ; scenario, Anne Fontaine et Camille Fontaine avec la collaboration de Christopher Hampton et Jacques Fieschi ; produit par Caroline Benjo, ... [and others] ; un film de Anne Fontaine.",,,"Chanel Coco 1883 1971 Drama, Man woman relationships Drama, Businesswomen Drama, Fashion designers Drama, Orphans Drama, Motion pictures French, France Drama, Feature films, Biographical films","Sony Pictures Classics ; Sony Pictures Home Entertainment,",c2010.,balanced_by_year_and_usageclass
2013,8,349,Physical,Horizon,VIDEODISC,"The next three days [videorecording] / Lionsgate ; a Highway 61 Films production ; produced by Michael Nozik, Paul Haggis, Olivier Delbosc, Marc Missonnier ; screenplay by Paul Haggis ; directed by Paul Haggis.",,,"Murder Drama, False imprisonment Drama, Judicial error Drama, Escapes Drama, Action and adventure films, Thrillers Motion pictures, Fiction films, Feature films, Video recordings for the hearing impaired","Lionsgate,",[2011],balanced_by_year_and_usageclass
2013,9,323,Physical,Horizon,VIDEODISC,"Monsters, Inc. [videorecording] / Pixar Animation Studios ; Walt Disney Pictures ; producer, Darla K. Anderson ; writers, Jill Culton ... [and others] ; directors, Pete Docter, David Silverman, Lee Unkrich.",,,"Monsters Juvenile drama, Factories Juvenile drama, Feature films, Childrens films, Animated films, Fiction films, Video recordings for the hearing impaired, Video recordings for people with visual disabilities","Disney : Pixar,",[2013],balanced_by_year_and_usageclass
2013,10,311,Physical,Horizon,VIDEODISC,"Coco Chanel [videorecording] / an Alchemy Television, LuxVide, Pampa Production, Rai Fiction coproduction ; producer, Christian Duguay, Luca Bernabei, Nicolas Traube ; teleplay by Enrico Medioli ... [and others] ; story by Carla Casalini ... [et al.] ; directed by Christian Duguay.",,,"Chanel Coco 1883 1971 Drama, Women fashion designers France Paris Drama, Clothing workers France Paris Drama, Man woman relationships France Paris Drama, Families France Drama, Biographical television programs, Made for TV movies","Screen Media Films,",c2009.,balanced_by_year_and_usageclass
2014,1,982,Physical,Horizon,VIDEODISC,"Mud [videorecording] / Lionsgate ; Roadside Attractions ; Everest Entertainment ; a Brace Cove/Filmation production ; produced by Lisa Maria Falcone, Sarah Green, Aaron Ryder ; written and directed by Jeff Nichols.",,,"Friendship Drama, Fugitives from justice Drama, Murder Drama, Islands Drama, Mississippi River Drama, Feature films, Coming of age films, Action and adventure films, Fiction films, Video recordings for the hearing impaired","Lionsgate,",[2013],balanced_by_year_and_usageclass
2014,2,491,Physical,Horizon,VIDEODISC,"The odd life of Timothy Green [videorecording] / Disney ; produced by Scott Sanders, Ahmet Zappa, Jim Whitaker ; screenplay by Peter Hedges ; story by Ahmet Zappa ; directed by Peter Hedges.",,,"Wishes Drama, Child rearing Drama, Parent and child Drama, Fantasy films, Feature films, Fiction films, Video recordings for the hearing impaired, Video recordings for people with visual disabilities","Disney,",c2012.,balanced_by_year_and_usageclass
2014,3,450,Physical,Horizon,BOOK,The ocean at the end of the lane / Neil Gaiman.,,"Gaiman, Neil","Good and evil Fiction, Women Fiction, Boys Fiction, Survival Fiction, Wilderness survival Fiction, Memory Fiction, Magic Fiction, Horror fiction, Fantasy fiction","William Morrow,",[2013],balanced_by_year_and_usageclass
2014,4,444,Physical,Horizon,VIDEODISC,"Muppets most wanted [videorecording] / Disney ; a Mandeville Films production ; produced by David Hoberman, Todd Lieberman ; written by James Bobin and Nicholas Stoller ; directed by James Bobin.",,,"Muppets Fictitious characters Juvenile drama, Voyages around the world Juvenile drama, Comedy films, Childrens films, Feature films, Fiction films, Video recordings for the hearing impaired, Video recordings for people with visual disabilities","Walt Disney Studios Home Entertainment,",[2014],balanced_by_year_and_usageclass
2014,5,438,Physical,Horizon,VIDEODISC,"C.O.G. [videorecording] / Focus World ; Forty Second Productions ; Rhino Films ; written & directed by Kyle Patrick Alvarez ; produced by Cookie Carosella, Stephen Nemeth, Kyle Patrick Alvarez.",,,"Coming of age Drama, Feature films, Comedy films, Coming of age films, Fiction films, Video recordings for the hearing impaired","Child of God,",[2013],balanced_by_year_and_usageclass
2014,6,330,Physical,Horizon,VIDEODISC,"The next three days [videorecording] / Lionsgate ; a Highway 61 Films production ; produced by Michael Nozik, Paul Haggis, Olivier Delbosc, Marc Missonnier ; screenplay by Paul Haggis ; directed by Paul Haggis.",,,"Murder Drama, False imprisonment Drama, Judicial error Drama, Escapes Drama, Action and adventure films, Thrillers Motion pictures, Fiction films, Feature films, Video recordings for the hearing impaired","Lionsgate,",[2011],balanced_by_year_and_usageclass
2014,7,319,Physical,Horizon,VIDEODISC,"Cold weather [videorecording] / Sundance Selects ; Parts and Labor in association with White Buffalo ; produced by Lars Knudsen, Brendan McFadden, Ben Stambler, Jay Van Hoy ; story by Aaron Katz, Brendan McFadden, Ben Stambler ; written and directed by Aaron Katz.",,,"Brothers and sisters Drama, Kidnapping Drama, Kidnapping victims Drama, Portland Or Drama, Feature films, Fiction films, Video recordings for the hearing impaired, Detective and mystery films","Sundance Selects : MPI Media Group,",c2011.,balanced_by_year_and_usageclass
2014,8,278,Physical,Horizon,BOOK,Code name Verity / Elizabeth Wein.,,"Wein, Elizabeth","Women air pilots Juvenile fiction, Air pilots Juvenile fiction, World War 1939 1945 Juvenile fiction, Friendship Fiction, Nazis Juvenile fiction, Spies Fiction, Insurgency Juvenile fiction, Great Britain History 1936 1945 Juvenile fiction, France History German occupation 1940 1945 Juvenile fiction","Hyperion Books,",c2012.,balanced_by_year_and_usageclass
2014,9,264,Physical,Horizon,VIDEODISC,"Cold souls [videorecording] / Samuel Goldwyn Films ; Two Lane Pictures and Winner Arts Limited ; a Journeyman Pictures/Touchy Feely Films production in co-production with Memento Films production and Arte France Cinéma ; produced by Dan Carey, Elizabeth Giamatti, Paul Mezey, Andrij Parekh, Jeremy Kipp Walker ; written and directed by Sophie Barthes.",,,"Soul Drama, Actors Drama, High technology services industries Drama, Performance anxiety Drama, Actresses Drama, Comedy films, Video recordings for the hearing impaired, Feature films, Fiction films, Fantasy films","20th Century Fox Home Entertainment,",[c2010].,balanced_by_year_and_usageclass
2014,10,255,Physical,Horizon,VIDEODISC,"Cockneys vs. zombies [videorecording] / SC Films International ; Limelight ; Molinare ; the Tea Shop & Film Company ; in association with StudioCanal ; and in association with Kintop Pictures ; written by James Moran, Lucas Roche ; based on an idea by Matthias Hoene ; producers, James Harris, Mark Lane & Matthius Hoene ; directed by Matthius Hoene.",,,"Bank robberies Drama, Zombies Drama, Feature films, Comedy films, Horror films, Fiction films, Video recordings for the hearing impaired","Shout! Factory : Scream Factory,",[2013],balanced_by_year_and_usageclass
2015,1,773,Physical,Horizon,VIDEODISC,The one I love [videorecording] / Radius TWC ; a Duplass Brothers production ; produced by Mel Eslyn ; written by Justin Lader ; directed by Charlie McDowell.,,,"Marriage Drama, Couples therapy Drama, Feature films, Romantic comedy films, Fiction films, Video recordings for the hearing impaired","Anchor Bay Entertainment,",[2014],balanced_by_year_and_usageclass
2015,2,619,Physical,Horizon,BOOK,My friend is sad / by Mo Willems.,,"Willems, Mo","Gerald Fictitious character Willems Juvenile fiction, Piggie Fictitious character Willems Juvenile fiction, Pigs Fiction, Elephants Juvenile fiction, Emotions Juvenile fiction, Friendship Fiction","Hyperion Books for Children,",2007.,balanced_by_year_and_usageclass
2015,3,490,Physical,Horizon,BOOK,Colorless Tsukuru Tazaki and his years of pilgrimage / Haruki Murakami ; translated from the Japanese by Philip Gabriel.,,"Murakami, Haruki, 1949-","Friendship Fiction, Identity Psychology Fiction, Locomotive engineers Fiction, Self realization Fiction, Voyages and travels Fiction, Japan Fiction, Europe Fiction, Bildungsromans, Psychological fiction, Large type books | Friendship Fiction, Identity Psychology Fiction, Locomotive engineers Fiction, Self realization Fiction, Voyages and travels Fiction, Japan Fiction, Europe Fiction, Psychological fiction","Alfred A. Knopf, | Random House Large Print,",2014. | [2014],balanced_by_year_and_usageclass
2015,4,412,Physical,Horizon,BOOK | SOUNDDISC,"The opposite of spoiled : raising kids who are grounded, generous, and smart about money / Ron Lieber.",,"Lieber, Ron","Children Finance Personal, Parenting | Saving and investment United States, Children United States Finance Personal, Child rearing United States, Audiobooks","Harper Audio, | Harper, an imprint of HarperCollinsPublishers,",[2015],balanced_by_year_and_usageclass
2015,5,374,Physical,Horizon,VIDEODISC,"Cold in July [videorecording] / IFC Films ; Memento Films ; BSM Studio ; a Belladonna production ; in association with Backup Media and Paradise City ; produced by Linda Moran, Rene Bastian, Adam Folk, Marie Savare ; written by Nick Damici & Jim Mickle ; directed by Jim Mickle.",,,"Home invasion Drama, Burglars Drama, Revenge Drama, Feature films, Thrillers Motion pictures, Fiction films, Video recordings for the hearing impaired","IFC Films,",[2014],balanced_by_year_and_usageclass
2015,6,374,Physical,Horizon,BOOK,The one and only Ivan / Katherine Applegate ; illustrations by Patricia Castelao.,,"Applegate, Katherine","Gorilla Juvenile fiction, Elephants Juvenile fiction, Animals Treatment Fiction","Harper,",c2012.,balanced_by_year_and_usageclass
2015,7,296,Physical,Horizon,BOOK,The orchardist : a novel / Amanda Coplin.,,"Coplin, Amanda","Fruit growers Fiction, Orchards Northwest Pacific Fiction, Pregnant teenagers Fiction, Families Fiction","Harper,",2012.,balanced_by_year_and_usageclass
2015,8,275,Physical,Horizon,BOOK,The organized mind : thinking straight in the age of information overload / Daniel J. Levitin.,,"Levitin, Daniel J.","Distraction Psychology, Attention, Time management, Orderliness","Dutton,",[2014],balanced_by_year_and_usageclass
2015,9,251,Physical,Horizon,BOOK,"My brilliant friend : childhood, adolescence / Elena Ferrante ; translated from the Italian by Ann Goldstein.",,"Ferrante, Elena","Friendship Fiction, Naples Italy Fiction","Europa Editions,",2012.,balanced_by_year_and_usageclass
2015,10,241,Physical,Horizon,BOOK | SOUNDDISC,The one / Kiera Cass.,,"Cass, Kiera","Marriage Fiction, Contests Fiction, Social classes Fiction, Princes Fiction, Revolutionaries Fiction, Marriage Fiction, Contests Fiction, Social classes Fiction, Princes Fiction, Revolutionaries Fiction, Love stories, Young adult fiction, Audiobooks | Marriage Juvenile fiction, Contests Juvenile fiction, Social classes Juvenile fiction, Princes Juvenile fiction, Revolutionaries Juvenile fiction, Marriage Fiction, Love Fiction","Harper Audio, | HarperTeen, an imprint of HarperCollinsPublishers,",[2014],balanced_by_year_and_usageclass
2016,1,725,Physical,Horizon,BOOK,My name is Lucy Barton : a novel / Elizabeth Strout.,,"Strout, Elizabeth","Mothers and daughters Fiction, Domestic fiction","Random House,",[2016],balanced_by_year_and_usageclass
2016,2,425,Physical,Horizon,BOOK,My friend is sad / by Mo Willems.,,"Willems, Mo","Gerald Fictitious character Willems Juvenile fiction, Piggie Fictitious character Willems Juvenile fiction, Pigs Fiction, Elephants Juvenile fiction, Emotions Juvenile fiction, Friendship Fiction","Hyperion Books for Children,",2007.,balanced_by_year_and_usageclass
2016,3,404,Physical,Horizon,VIDEODISC,The other woman [videorecording] / Twentieth Century Fox ; an LBI Entertainment production ; produced by Julie Yorn ; written by Melissa K. Stack ; directed by Nick Cassavetes.,,,"Adultery Drama, Revenge Drama, Feature films, Fiction films, Comedy films, Video recordings for the hearing impaired, Video recordings for people with visual disabilities","20th Century Fox Home Entertainment,",[2014],balanced_by_year_and_usageclass
2016,4,398,Physical,Horizon,VIDEODISC,"My old lady [videorecording] / Universal ; Cohen Media Group ; BBC Films ; in association with Protagonist Pictures and Tumbledown Productions Limited ; a Deux Chevaux/Katsize Films production ; in association with Krasnoff/Foster Entertainment ; produced by Rachael Horovitz, Gary Foster, Nitsa Benchetrit, David C. Barrot ; written for the screen and directed by Israel Horovitz.",,,"Roommates Drama, Paris France Drama, Family secrets Drama, Feature films, Comedy films, Fiction films","Universal Studios Home Entertainment,",[2015],balanced_by_year_and_usageclass
2016,5,375,Physical,Horizon,BOOK,The Oregon Trail : a new American journey / Rinker Buck.,,"Buck, Rinker, 1950-","Oregon National Historic Trail, Buck Rinker 1950 Travel Oregon National Historic Trail, Frontier and pioneer life West U S, West U S Description and travel | Oregon National Historic Trail, Buck Rinker 1950 Travel Oregon National Historic Trail, Frontier and pioneer life West U S, West U S Description and travel, Large type books","Simon & Schuster, | Thorndike Press, a part of Gale, Cengage Learning,",2015.,balanced_by_year_and_usageclass
2016,6,339,Physical,Horizon,VIDEODISC,"Colonia [videorecording] / Majestic ; Beta Cinema ; in co-production with Iris Productions, Rat Pack Filmproduktion, Rezo Productions, Fred Films ; in association with Prosieben and Sky ; supported by Filmfernsehfonds Bayern, Medienboard Berlin-Brandenburg, FFA German Federal Film Board, BKM, DFFF German Federal Film Fund, Film Fund Luxembourge, Media Programme of the EU ; produced by Benjamin Herrmann ; screenplay by Torsten Wenzel, Florian Gallenberger ; directed by Florian Gallenberger.",,,"Cults Drama, Rescues Drama, Kidnapping Drama, Thrillers Motion pictures, Fiction films, Feature films, Video recordings for the hearing impaired","Screen Media Films,",[2016],balanced_by_year_and_usageclass
2016,7,329,Physical,Horizon,VIDEODISC,"My neighbor Totoro [videorecording] / Disney presents a Studio Ghibli film ; Tokuma Shoten presents a Studio Ghibli production, a Hayao Miyazaki film ; original story and screenplay by Hayao Miyazaki ; directed by Hayao Miyazaki.",,,"Sisters Juvenile fiction, Fathers and daughters Juvenile fiction, Spirits Juvenile fiction, Imagination Fiction, Childrens films, Animated films, Video recordings for the hearing impaired, Feature films","Disney DVD : Distributed by Buena Vista Home Entertainment,",[2010],balanced_by_year_and_usageclass
2016,8,311,Physical,Horizon,BOOK,My life on the road / Gloria Steinem.,,"Steinem, Gloria","Steinem Gloria, Feminists United States Biography, Feminism United States | Steinem Gloria, Feminists United States Biography, Feminism United States, Large type books, Autobiographies","Random House Large Print, | Random House,",[2015] | c2015.,balanced_by_year_and_usageclass
2016,9,311,Physical,Horizon,BOOK,My new friend is so fun! / by Mo Willems.,,"Willems, Mo","Best friends Fiction, Friendship Fiction, Animals Fiction, Humorous stories, Best friends Juvenile fiction, Friendship Juvenile fiction, Animals Juvenile fiction","Hyperion Books for Children,",c2014.,balanced_by_year_and_usageclass
2016,10,295,Physical,Horizon,BOOK,My kitchen year : 136 recipes that saved my life / Ruth Reichl ; photographs by Mikkel Vang.,,"Reichl, Ruth","Seasonal cooking, Cookbooks","Random House,",[2015],balanced_by_year_and_usageclass
2017,1,1435,Physical,Horizon,BOOK,Commonwealth : a novel / Ann Patchett.,,"Patchett, Ann","Family secrets Fiction, Domestic fiction","Harper, an imprint of HarperCollinsPublishers,",[2016],balanced_by_year_and_usageclass
2017,2,430,Physical,Horizon,VIDEODISC,"Colossal / Universal ; Neon ; in association with Route One Entertainment and Union Investment Partners ; a Voltage Pictures, Sayaka Producciones and Brightlight Pictures production ; produced by Nahikari Ipina, Russell Levine, Niolas Chartier, Zev Foreman, Dominic Rustam ; written and directed by Nacho Vigalondo.",,,"Young women Drama, Man woman relationships Drama, Moving Household Drama, Monsters Drama, Seoul Korea Drama, Monster films, Feature films, Science fiction films, Comedy films, Fiction films, Video recordings for the hearing impaired","Universal Pictures Home Entertainment,",[2017],balanced_by_year_and_usageclass
2017,3,378,Physical,Horizon,BOOK,My new friend is so fun! / by Mo Willems.,,"Willems, Mo","Best friends Fiction, Friendship Fiction, Animals Fiction, Humorous stories, Best friends Juvenile fiction, Friendship Juvenile fiction, Animals Juvenile fiction | Humorous stories, Best friends Juvenile fiction, Friendship Juvenile fiction, Animals Juvenile fiction","Hyperion Books for Children,",[2014] | c2014.,balanced_by_year_and_usageclass
2017,4,330,Physical,Horizon,BOOK,My friend is sad / by Mo Willems.,,"Willems, Mo","Gerald Fictitious character Willems Juvenile fiction, Piggie Fictitious character Willems Juvenile fiction, Pigs Fiction, Elephants Juvenile fiction, Emotions Juvenile fiction, Friendship Fiction","Hyperion Books for Children,",2007.,balanced_by_year_and_usageclass
2017,5,327,Physical,Horizon,VIDEODISC,"Coming through the rye [videorecording] / Samuel Goldwyn Films ; Red Hat Films ; in association with Cold Beer Friday and River Bend Pictures ; produced by Stan Erdreich, Teddy Grennan, James Sadwith ; written and directed by James Sadwith.",,,"Boarding schools Drama, Social isolation Drama, Teenage boys Drama, Salinger J D Jerome David 1919 2010 Drama, Coming of age films, Feature films, Fiction films, Video recordings for the hearing impaired","Paramount Pictures,",[2016],balanced_by_year_and_usageclass
2017,6,322,Physical,Horizon,BOOK | SOUNDDISC,The orphan's tale / Pam Jenoff.,,"Jenoff, Pam","Circus Fiction, Teenage mothers Fiction, Jews Fiction, World War 1939 1945 Fiction, France History German occupation 1940 1945 Fiction, Audiobooks, Historical fiction | World War 1939 1945 Fiction, Holocaust Jewish 1939 1945 Fiction, Circus Fiction | World War 1939 1945 Germany Fiction, Jewish children Germany Fiction, Teenage girls Fiction, Runaways Fiction, Holocaust Jewish 1939 1945 Fiction, Circus Fiction, Large type books","Harlequin Audio, | Mira Books, | Thorndike Press,",2017. | [2017],balanced_by_year_and_usageclass
2017,7,298,Physical,Horizon,BOOK,My name is Lucy Barton : a novel / Elizabeth Strout.,,"Strout, Elizabeth","Mothers and daughters Fiction, Domestic fiction","Random House,",[2016],balanced_by_year_and_usageclass
2017,8,242,Physical,Horizon,BOOK,The orchardist : a novel / Amanda Coplin.,,"Coplin, Amanda","Fruit growers Fiction, Orchards Northwest Pacific Fiction, Pregnant teenagers Fiction, Families Fiction","Harper,",2012.,balanced_by_year_and_usageclass
2017,9,239,Physical,Horizon,VIDEODISC,"My neighbor Totoro [videorecording] / Disney presents a Studio Ghibli film ; Tokuma Shoten presents a Studio Ghibli production, a Hayao Miyazaki film ; original story and screenplay by Hayao Miyazaki ; directed by Hayao Miyazaki.",,,"Sisters Juvenile fiction, Fathers and daughters Juvenile fiction, Spirits Juvenile fiction, Imagination Fiction, Childrens films, Animated films, Video recordings for the hearing impaired, Feature films","Disney DVD : Distributed by Buena Vista Home Entertainment,",[2010],balanced_by_year_and_usageclass
2017,10,235,Physical,Horizon,BOOK,Come over to my house / by Dr. Seuss ; illustrated by Katie Kath.,,"Seuss, Dr.","Stories in rhyme, Dwellings Fiction, Friendship Fiction, Dwellings Juvenile fiction, Friendship Juvenile fiction, Stories in rhyme | Stories in rhyme, Dwellings Juvenile fiction, Friendship Juvenile fiction, Stories in rhyme","Beginner Books, A Division of Random House,",[2016],balanced_by_year_and_usageclass
2018,1,488,Physical,Horizon,BOOK,My year of rest and relaxation / Ottessa Moshfegh.,,"Moshfegh, Ottessa","Solitude Fiction, Quacks and quackery Fiction, Medication abuse Fiction, Psychological fiction American, Psychological fiction | Young women Fiction, Mentally ill Fiction, Manhattan New York N Y Fiction, Large type books, Literature","Penguin Books, | Random House Large Print,",2018. | [2018],balanced_by_year_and_usageclass
2018,2,457,Physical,Horizon,BOOK,The overstory : a novel / Richard Powers.,,"Powers, Richard, 1957-","Trees Fiction, Nature fiction","W. W. Norton & Company,",[2018],balanced_by_year_and_usageclass
2018,3,439,Physical,Horizon,VIDEODISC,"The Osiris child : science fiction, Volume one / XYZ Films ; Storm Alley and Eclectik Vision ; in association with Phonetic Images ; producer, Matthew Graham, Brett Thornquest, Sidonie Abbene, Shane Abbess ; written and directed by Shane Abbess ; story by Shane Abbess, Brian Cachia.",,,"Space colonies Drama, Imaginary societies Drama, Survival Drama, Rescues Drama, Feature films, Science fiction films, Action and adventure films, Fiction films, Video recordings for the hearing impaired","RLJ Entertainment,",[2017],balanced_by_year_and_usageclass
2018,4,411,Physical,Horizon,BOOK,"Comics Squad : detention! / edited by Jennifer L. Holm, Matthew Holm & Jarrett J. Krosoczka.",,,"Schools Comic books strips etc, Conduct of life Comic books strips etc, Humorous comics, Comics Graphic works, Graphic novels","Random House Children's Books, a division of Penguin Random House LLC,",[2017],balanced_by_year_and_usageclass
2018,5,398,Physical,Horizon,VIDEODISC,"Colossal / Universal ; Neon ; in association with Route One Entertainment and Union Investment Partners ; a Voltage Pictures, Sayaka Producciones and Brightlight Pictures production ; produced by Nahikari Ipina, Russell Levine, Niolas Chartier, Zev Foreman, Dominic Rustam ; written and directed by Nacho Vigalondo.",,,"Young women Drama, Man woman relationships Drama, Moving Household Drama, Monsters Drama, Seoul Korea Drama, Monster films, Feature films, Science fiction films, Comedy films, Fiction films, Video recordings for the hearing impaired","Universal Pictures Home Entertainment,",[2017],balanced_by_year_and_usageclass
2018,6,329,Physical,Horizon,VIDEODISC,"The Ottoman lieutenant / Paladin and Y Production in association with Eastern Sunrise Films ; produced by Stephen Joel Brown, Alinur Velidedeoğlu, Güneș Celikcan, Merve Zorlu, Yusuf Esenkal, Serdar Öğretici ; written by Jeff Stockwell ; directed by Joseph Ruben.",,,"World War 1914 1918 Turkey Drama, Nurses Drama, Armies Officers Drama, Missions Medical Turkey Drama, Man woman relationships Drama, Turkey History Ottoman Empire 1288 1918 Drama, Historical films, Feature films, War films, Fiction films, Video recordings for the hearing impaired","Universal Pictures Home Entertainment,",[2017],balanced_by_year_and_usageclass
2018,7,309,Physical,Horizon,BOOK,My friend is sad / by Mo Willems.,,"Willems, Mo","Gerald Fictitious character Willems Juvenile fiction, Piggie Fictitious character Willems Juvenile fiction, Pigs Fiction, Elephants Juvenile fiction, Emotions Juvenile fiction, Friendship Fiction","Hyperion Books for Children,",2007.,balanced_by_year_and_usageclass
2018,8,309,Physical,Horizon,BOOK,My new friend is so fun! / by Mo Willems.,,"Willems, Mo","Humorous stories, Best friends Juvenile fiction, Friendship Juvenile fiction, Animals Juvenile fiction","Hyperion Books for Children,",[2014],balanced_by_year_and_usageclass
2018,9,293,Physical,Horizon,BOOK,"Comics Squad : lunch! / edited by Jennifer Holm, Matthew Holm & Jarrett J. Krosoczka ; comics by Cece Bell, Jeffrey Brown, Cecil Castellucci & Sara Varon, Nathan Hale, Jennifer L. Holm & Matthew Holm, Jarrett J. Krosoczka, Peanuts, Jason Shiga.",,,"School lunchrooms cafeterias etc Comic books strips etc, Luncheons Comic books strips etc, Schools Comic books strips etc, Luncheons Fiction, School lunchrooms cafeterias etc Fiction, Schools Fiction, Humorous stories, Cartoons and comics, Graphic novels","Random House,",[2016],balanced_by_year_and_usageclass
2018,10,270,Physical,Horizon,BOOK,"Comics Squad : recess! / edited by Jennifer L. Holm, Matthew Holm, and Jarrett J. Krosoczka ; comics by Jennifer L. Holm & Matthew Holm, Jarrett J. Krosoczka, Dav Pilkey, Dan Santat, Raina Telgemeier & Dave Roman, Ursula Vernon, Eric Wight, Gene Luen Yang.",,,"School recess breaks Juvenile fiction, Schools Juvenile fiction, Humorous stories American, Childrens stories American, Recess Fiction, Humorous stories, Short stories, Graphic novels","Random House,",[2014],balanced_by_year_and_usageclass
2019,1,3674,Physical,Horizon,BOOK,The overstory : a novel / Richard Powers.,,"Powers, Richard, 1957-","Trees Fiction, Nature fiction","W. W. Norton & Company,",[2018],balanced_by_year_and_usageclass
2019,2,1338,Physical,Horizon,BOOK,The other Americans / Laila Lalami.,,"Lalami, Laila, 1968-","Immigrants Fiction, Murder Fiction, Family secrets Fiction, Suspense fiction","Pantheon Books,",[2019],balanced_by_year_and_usageclass
2019,3,551,Physical,Horizon,BOOK,My new friend is so fun! / by Mo Willems.,,"Willems, Mo","Humorous stories, Best friends Juvenile fiction, Friendship Juvenile fiction, Animals Juvenile fiction","Hyperion Books for Children,",[2014],balanced_by_year_and_usageclass
2019,4,373,Physical,Horizon,VIDEODISC,"Columbus / Oscilloscope Laboratories ; Superlative Films ; Depth of Field ; in association with Nonetheless Productions ; produced by Andrew Miano, Aaron Boyd, Danielle Renfrew Behrens, Chris Weitz, Giulia Caruso, Ki Jin Kim ; written and directed by Kogonada.",,,"Interpersonal relations Drama, Architecture Drama, Columbus Ind Drama, Feature films, Fiction films, Video recordings for the hearing impaired","Oscilloscope Laboratories,",[2019],balanced_by_year_and_usageclass
2019,5,297,Physical,Horizon,BOOK | SOUNDDISC,The other woman / Daniel Silva.,,"Silva, Daniel, 1960-","Allon Gabriel Fictitious character Fiction, Intelligence officers Fiction, Terrorists Fiction, Paris France Fiction, Spy fiction, Thrillers Fiction | Allon Gabriel Fictitious character Fiction, Intelligence officers Fiction, Terrorists Fiction, Terrorism Prevention Fiction, Paris France Fiction, Audiobooks, Thrillers Fiction, Spy fiction, Spy stories, Suspense fiction","Harper Audio, | Harper, an imprint of HarperCollinsPublishers,",2018 | [2018],balanced_by_year_and_usageclass
2019,6,295,Physical,Horizon,BOOK,"Come as you are : the surprising new science that will transform your sex life / Emily Nagoski, Ph.D.",,"Nagoski, Emily","Sex instruction for women, Sexual health, Women Sexual behavior, Women Health and hygiene","Simon & Schuster,",[2015],balanced_by_year_and_usageclass
2019,7,287,Physical,Horizon,BOOK,"Comics Squad : detention! / edited by Jennifer L. Holm, Matthew Holm & Jarrett J. Krosoczka.",,,"Schools Comic books strips etc, Conduct of life Comic books strips etc, Humorous comics, Comics Graphic works, Graphic novels","Random House Children's Books, a division of Penguin Random House LLC,",[2017],balanced_by_year_and_usageclass
2019,8,287,Physical,Horizon,VIDEODISC,My neighbor Totoro / Gkids ; a Studio Ghibli production ; Tokuma Shoten ; original story and screenplay by Hayao Miyazaki ; directed by Hayao Miyazaki.,,,"Sisters Juvenile drama, Fathers and daughters Juvenile drama, Spirits Juvenile drama, Animals Mythical Juvenile drama, Japan Juvenile drama, Feature films, Fantasy films, Action and adventure films, Childrens films, Animated films, Fiction films, Motion pictures Japanese, Video recordings for the hearing impaired","Shout! Factory,",[2017],balanced_by_year_and_usageclass
2019,9,277,Physical,Horizon,BOOK,The outsider : a novel / Stephen King.,,"King, Stephen, 1947-","Murder Investigation Fiction, Evidence Criminal Fiction, Horror fiction, Thrillers Fiction","Scribner,",2018.,balanced_by_year_and_usageclass
2019,10,274,Physical,Horizon,VIDEODISC,"Colossal / Universal ; Neon ; in association with Route One Entertainment and Union Investment Partners ; a Voltage Pictures, Sayaka Producciones and Brightlight Pictures production ; produced by Nahikari Ipina, Russell Levine, Niolas Chartier, Zev Foreman, Dominic Rustam ; written and directed by Nacho Vigalondo.",,,"Young women Drama, Man woman relationships Drama, Moving Household Drama, Monsters Drama, Seoul Korea Drama, Monster films, Feature films, Science fiction films, Comedy films, Fiction films, Video recordings for the hearing impaired","Universal Pictures Home Entertainment,",[2017],balanced_by_year_and_usageclass
2020,1,1172,Physical,Horizon,BOOK,The overstory : a novel / Richard Powers.,,"Powers, Richard, 1957-","Trees Fiction, Nature fiction","W. W. Norton & Company,",[2018],balanced_by_year_and_usageclass
2020,2,350,Physical,Horizon,VIDEODISC,"The peanut butter falcon / Roadside Attractions ; Endeavor Content ; an Armory Films/Bona Fide production ; a film by Lucky Treehouse ; written and directed by Tyler Nilson & Michael Schwartz ; produced by Albert Berger & Ron Yerxa, Christopher Lemole & Tim Zajaros, Lije Sarki, David Thies.",,,"Down syndrome Drama, Wrestling Drama, Feature films, Action and adventure films, Comedy films, Fiction films, Video recordings for the hearing impaired","Lionsgate,",[2019],balanced_by_year_and_usageclass
2020,3,268,Physical,Horizon,BOOK,Nature obscura : a city's hidden natural world / Kelly Brenner.,,"Brenner, Kelly","Nature Effect of human beings on, Urban ecology Biology, Urban animals","Mountaineers Books,",[2020],balanced_by_year_and_usageclass
2020,4,188,Physical,Horizon,BOOK,My new friend is so fun! / by Mo Willems.,,"Willems, Mo","Humorous stories, Best friends Juvenile fiction, Friendship Juvenile fiction, Animals Juvenile fiction","Hyperion Books for Children,",[2014],balanced_by_year_and_usageclass
2020,5,177,Physical,Horizon,VIDEODISC,"Cold pursuit / Summit Entertainment ; Studiocanal ; Mas Production ; Paradox ; directed by Hans Petter Moland ; screenplay by Frank Baldwin ; produced by Michael Shamberg, Ameet Shukla, Stein Kvae, Finn Gjerdrum.",,,"Revenge Drama, Grief Drama, Vigilantes Drama, Feature films, Thrillers Motion pictures, Fiction films, Video recordings for the hearing impaired, Video recordings for people with visual disabilities","Summit Entertainment/Lionsgate,",[2019],balanced_by_year_and_usageclass
2020,6,131,Physical,Horizon,VIDEODISC,"The old man & the gun / Fox Searchlight Pictures ; in association with Endgame Entertainment ; a CNE production ; a Sailor Bear Film production ; an Identity Films production ; a Tango Productions production ; a Wildwood Enterprises production ; produced by James D. Stern, Dawn Ostroff, Jeremy Steckler, Anthony Mastromauro, Bill Holderman, Toby Halbrooks, James M. Johnston, Robert Redford ; written and directed by David Lowery.",,,"Escapes Drama, Fugitives from justice Drama, Feature films, Biographical films, Caper films, Fiction films, Video recordings for the hearing impaired, Video recordings for people with visual disabilities","Twentieth Century Fox Home Entertainment,",[2019],balanced_by_year_and_usageclass
2020,7,127,Physical,Horizon,VIDEODISC,"Colette / Universal ; Bleecker Street ; 30 West ; Bold Films ; BFI ; a Killer Films and Number 9 Films production ; produced by Elizabeth Karlsen, Stephen Woolley, Pamela Koffler, Christine Vachon, Michel Litvak, Gary Michael Walters ; story by Richard Glatzer ; screenplay by Richard Glatzer & Wash Westmoreland & Rebecca Lenkiewicz ; directed by Wash Westmoreland.",,,"Colette 1873 1954 Drama, Authors French Drama, France Social life and customs 20th century Drama, Feature films, Historical films, Biographical films, Fiction films, Video recordings for the hearing impaired, Video recordings for people with visual disabilities","Universal Pictures Home Entertainment,",[2018],balanced_by_year_and_usageclass
2020,8,127,Physical,Horizon,BOOK,"My sister, the serial killer : a novel / Oyinkan Braithwaite.",,"Braithwaite, Oyinkan","Sisters Fiction, Serial murderers Fiction, Satirical literature","Doubleday,",[2018],balanced_by_year_and_usageclass
2020,9,123,Physical,Horizon,BOOK,"Comics Squad : recess! / edited by Jennifer L. Holm, Matthew Holm, and Jarrett J. Krosoczka ; comics by Jennifer L. Holm & Matthew Holm, Jarrett J. Krosoczka, Dav Pilkey, Dan Santat, Raina Telgemeier & Dave Roman, Ursula Vernon, Eric Wight, Gene Luen Yang.",,,"School recess breaks Juvenile fiction, Schools Juvenile fiction, Humorous stories American, Childrens stories American, Recess Fiction, Humorous stories, Short stories, Graphic novels","Random House,",[2014],balanced_by_year_and_usageclass
2020,10,115,Physical,Horizon,SOUNDDISC,Colorado / Neil Young ; with Crazy Horse.,,"Young, Neil, 1945-","Rock music 2011 2020, Rock music","Reprise,",[2019],balanced_by_year_and_usageclass
2021,1,1345,Physical,Horizon,BOOK,The other Black girl : a novel / Zakiya Dalila Harris.,,"Harris, Zakiya Dalila | Harris, Zakiya Dalila,","African American women Fiction, Publishers and publishing Fiction, Conspiracies Fiction, Racism Fiction, New York N Y Fiction, Suspense fiction, Thrillers Fiction, Social problem fiction","Atria Books,",2021.,balanced_by_year_and_usageclass
2021,2,696,Physical,Horizon,BOOK,Concrete rose / Angie Thomas.,,"Thomas, Angie","African Americans Fiction, Teenage fathers Fiction, Gangs Fiction, African Americans Juvenile fiction, Teenage fathers Juvenile fiction, Gangs Juvenile fiction, Young adult fiction, Bildungsromans","Balzer + Bray, an imprint of HarperCollinsPublishers,",[2021],balanced_by_year_and_usageclass
2021,3,696,Physical,Horizon,BOOK,My new friend is so fun! / by Mo Willems.,,"Willems, Mo","Humorous stories, Best friends Juvenile fiction, Friendship Juvenile fiction, Animals Juvenile fiction","Hyperion Books for Children,",[2014],balanced_by_year_and_usageclass
2021,4,673,Physical,Horizon,BOOK,The overstory : a novel / Richard Powers.,,"Powers, Richard, 1957-","Trees Fiction, Nature fiction","W. W. Norton & Company,",[2018],balanced_by_year_and_usageclass
2021,5,526,Physical,Horizon,BOOK,My Monticello : fiction / Jocelyn Nicole Johnson.,,"Johnson, Jocelyn Nicole","African Americans Social conditions 21st century Fiction, African Americans Fiction, Monticello Va Fiction, Virginia Fiction, Short stories, Novellas","Henry Holt and Company,",2021.,balanced_by_year_and_usageclass
2021,6,335,Physical,Horizon,BOOK | SOUNDDISC,My heart is a chainsaw / Stephen Graham Jones.,,"Jones, Stephen Graham, 1972-","Horror films Fiction, Psychic trauma Fiction, Teenage girls Fiction, Abused children Fiction, Indigenous peoples Idaho Fiction, Murder Fiction, Revenge Fiction, Horror fiction, Thrillers Fiction, Audiobooks | Horror films Fiction, Psychic trauma Fiction, Teenage girls Fiction, Abused children Fiction, Revenge Fiction, Idaho Fiction, Horror fiction, Thrillers Fiction","Saga Press, | Simon & Schuster Audio,",[2021],balanced_by_year_and_usageclass
2021,7,324,Physical,Horizon,BOOK,The Pepper Thai cookbook / Pepper Teigen with Garrett Snyder.,,"Teigen, Pepper | Teigen, Pepper,","Cooking Thai, Cookbooks","Clarkson Potter/Publishers,",[2021],balanced_by_year_and_usageclass
2021,8,290,Physical,Horizon,BOOK,Nadiya bakes / Nadiya Hussain ; photography by Chris Terry.,,"Hussain, Nadiya","Bread, Cookies, Pies, Baking, Cookbooks","Clarkson Potter/Publishers,",[2021],balanced_by_year_and_usageclass
2021,9,241,Physical,Horizon,BOOK,The Paris library : a novel / Janet Skeslien Charles.,,"Skeslien Charles, Janet","American Library in Paris Fiction, Women librarians Fiction, World War 1939 1945 France Fiction, Paris France History 1940 1944 Fiction, France History German occupation 1940 1945 Fiction, Montana Fiction, War stories, Historical fiction, War fiction, Historical fiction","Atria Books,",2021.,balanced_by_year_and_usageclass
2021,10,198,Physical,Horizon,VIDEODISC,My neighbor Totoro / Gkids ; a Studio Ghibli production ; Tokuma Shoten ; original story and screenplay by Hayao Miyazaki ; directed by Hayao Miyazaki.,,,"Sisters Juvenile drama, Fathers and daughters Juvenile drama, Spirits Juvenile drama, Animals Mythical Juvenile drama, Japan Juvenile drama, Feature films, Fantasy films, Action and adventure films, Childrens films, Animated films, Fiction films, Motion pictures Japanese, Video recordings for the hearing impaired","Shout! Factory,",[2017],balanced_by_year_and_usageclass
2022,1,758,Physical,Horizon,BOOK | SOUNDDISC,The Paris apartment : a novel / Lucy Foley.,"0063003058, 0063252112, 9780063003057, 9780063252110 | 0063003090, 0063260786, 9780063003095, 9780063260788","Foley, Lucy (Novelist)","Brothers Fiction, Missing persons Fiction, Apartment houses Fiction, Paris France Fiction, Mystery fiction, Suspense fiction, Audiobooks, Psychological fiction, Thrillers Fiction | Brothers Fiction, Missing persons Fiction, Apartment houses Fiction, Paris France Fiction, Suspense fiction, Detective and mystery fiction, Novels, Psychological fiction, Thrillers Fiction","Harper Audio, | William Morrow, an imprint of HarperCollinsPublishers,",2022. | [2022],balanced_by_year_and_usageclass
2022,2,573,Physical,Horizon,BOOK,The overstory : a novel / Richard Powers.,"039363552X, 9780393635522 | 1432897802, 9781432897802","Powers, Richard, 1957-","Trees Fiction, Nature fiction | Trees Symbolic aspects Fiction, Deforestation Fiction, Nature Effect of human beings on Fiction, Forest conservation Fiction, Environmental protection Fiction, Human plant relationships Fiction, Large type books, Ecofiction","Thorndike Press, | W. W. Norton & Company,",2022. | [2018],balanced_by_year_and_usageclass
2022,3,510,Physical,Horizon,BOOK,My money my way : taking back control of your financial life / Kumiko Love.,"0593418840, 9780593418840, 9780593418857","Love, Kumiko","Finance Personal, Money, Self doubt, Debt, Women Finance Personal","Portfolio,",[2022],balanced_by_year_and_usageclass
2022,4,490,Physical,Horizon,BOOK,My new friend is so fun! / by Mo Willems.,"1423179587, 9781423179580","Willems, Mo","Humorous stories, Best friends Juvenile fiction, Friendship Juvenile fiction, Animals Juvenile fiction","Hyperion Books for Children,",[2014],balanced_by_year_and_usageclass
2022,5,440,Physical,Horizon,BOOK | SOUNDDISC,The passenger / Cormac McCarthy.,"0307268993, 9780307268990 | 0593663551, 9780593663554 | 0739368788, 9780739368787","McCarthy, Cormac, 1933-","Divers Fiction, Aircraft accidents Fiction, Conspiracies Fiction, Siblings Fiction, Coastal surveillance Fiction, Southern States Fiction, Mississippi Fiction, Large type books, Action and adventure fiction, Thrillers Fiction, Historical fiction, Novels | Divers Fiction, Aircraft accidents Fiction, Conspiracies Fiction, Siblings Fiction, Southern States Fiction, Historical fiction, Novels | Divers Fiction, Aircraft accidents Investigation Fiction, Conspiracies Fiction, Siblings Fiction, Grief Fiction, Southern States Fiction, FICTION Psychological, FICTION Action Adventure, FICTION Sagas, FICTION Literary, Audiobooks, Psychological fiction","Alfred A. Knopf, | Random House Audio, | Random House Large Print,",2022. | [2022],balanced_by_year_and_usageclass
2022,6,426,Physical,Horizon,BOOK,My Monticello : fiction / Jocelyn Nicole Johnson.,"1250807158, 9781250807151, 9781250807168 | 1432894129, 9781432894122","Johnson, Jocelyn Nicole","African Americans Social conditions 21st century Fiction, African Americans Fiction, Monticello Va Fiction, Virginia Fiction, Large type books, Short stories, Novellas | African Americans Social conditions 21st century Fiction, African Americans Fiction, Monticello Va Fiction, Virginia Fiction, Short stories, Novellas","Henry Holt and Company, | Thorndike Press, a part of Gale, a Cengage Company,",2021. | 2022.,balanced_by_year_and_usageclass
2022,7,373,Physical,Horizon,BOOK | SOUNDDISC,The paper palace / Miranda Cowley Heller.,"0593329821, 0593419073, 9780593329825, 9780593329849, 9780593419076 | 0593412494, 9780593412497 | 0593414357, 9780593414354","Cowley Heller, Miranda","Adultery Fiction, First loves Fiction, Family secrets, Life change events Fiction, Man woman relationships Fiction, Families Fiction, Desire Fiction, Domestic fiction, Love stories, Romance fiction, Psychological fiction, Novels | Adultery Fiction, Middle aged women Fiction, First loves Fiction, Family secrets Fiction, Life change events Fiction, Man woman relationships Fiction, Families Fiction, Desire Fiction, Cape Cod Mass Fiction, Domestic fiction, Love stories, Audiobooks, Romance fiction, Psychological fiction | Families Fiction, Middle aged women Fiction, Desire Fiction, Adultery Fiction, First loves Fiction, Betrayal Fiction, Large type books, Cape Cod Mass Fiction, Romance fiction, Psychological fiction, Novels","Penguin Random House Audio, | Random House Large Print, | Riverhead Books,",2021. | [2021],balanced_by_year_and_usageclass
2022,8,342,Physical,Horizon,VIDEODISC,"The outfit / directed by Graham Moore ; written by Graham Moore & Johnathan McClain ; produced by Scoop Wasserstein, Amy Jackson, Ben Browning ; a Focus Features presentation ; in association with FilmNation Entertainment ; a Scoop Productions/Unified Theory production.",,,"Tailors Drama, Organized crime Drama, Feature films, Crime films, Fiction films, Video recordings for the hearing impaired, Video recordings for people with visual disabilities","Universal,",[2022],balanced_by_year_and_usageclass
2022,9,301,Physical,Horizon,BOOK,The palace papers : inside the House of Windsor--the truth and the turmoil / Tina Brown.,"0593138090, 9780593138090 | 0593612515, 9780593612514","Brown, Tina","Windsor House of, Elizabeth II Queen of Great Britain 1926 2022, Elizabeth II Queen of Great Britain 1926 Family, Great Britain Kings and rulers Biography, Biographies | Windsor House of, Elizabeth II Queen of Great Britain 1926 2022, Elizabeth II Queen of Great Britain 1926 Family, Great Britain Kings and rulers Biography, Large type books, Biographies | Windsor House of, Elizabeth II Queen of Great Britain 1926, Elizabeth II Queen of Great Britain 1926 Family, Great Britain Kings and rulers Biography, Biographies | Windsor House of, Elizabeth II Queen of Great Britain 1926, Elizabeth II Queen of Great Britain 1926 Family, Great Britain Kings and rulers Biography, Large type books, Biographies","Crown, | Random House Large Print,",[2022],balanced_by_year_and_usageclass
2022,10,256,Physical,Horizon,BOOK,My friend is sad / by Mo Willems.,"1423102975, 9781423102977","Willems, Mo","Gerald Fictitious character Willems Juvenile fiction, Piggie Fictitious character Willems Juvenile fiction, Pigs Fiction, Elephants Juvenile fiction, Emotions Juvenile fiction, Friendship Fiction","Hyperion Books for Children,",2007.,balanced_by_year_and_usageclass
2023,1,1002,Physical,Horizon,BOOK | SOUNDDISC,The passenger / Cormac McCarthy.,"0307268993, 9780307268990 | 0593663551, 9780593663554 | 0739368788, 9780739368787","McCarthy, Cormac, 1933- | McCarthy, Cormac, 1933-2023,","Divers Fiction, Aircraft accidents Fiction, Conspiracies Fiction, Siblings Fiction, Coastal surveillance Fiction, Southern States Fiction, Mississippi Fiction, Large type books, Action and adventure fiction, Thrillers Fiction, Historical fiction, Novels | Divers Fiction, Aircraft accidents Fiction, Conspiracies Fiction, Siblings Fiction, Southern States Fiction, Historical fiction, Novels | Divers Fiction, Aircraft accidents Investigation Fiction, Conspiracies Fiction, Siblings Fiction, Grief Fiction, Southern States Fiction, FICTION Psychological, FICTION Action Adventure, FICTION Sagas, FICTION Literary, Audiobooks, Psychological fiction","Alfred A. Knopf, | Random House Audio, | Random House Large Print,",2022. | [2022],balanced_by_year_and_usageclass
2023,2,795,Physical,Horizon,BOOK,Confidence : a novel / Rafael Frumkin.,"1982189738, 9781982189730","Frumkin, Rafael","Swindlers and swindling Fiction, Gay men Fiction, Corporations Fiction, American Dream Fiction, Humorous fiction, Gay fiction, Novels","Simon & Schuster,",2023.,balanced_by_year_and_usageclass
2023,3,727,Physical,Horizon,BOOK,"Congratulations, the best is over! : essays / R. Eric Thomas.","0593496264, 9780593496268, 9780593496275","Thomas, R. Eric","Thomas R Eric, Authors American Biography, African American gay men Biography, Middle age Humor, Baltimore Md Biography, Essays, Autobiographies, Humor","Ballantine Books,",[2023],balanced_by_year_and_usageclass
2023,4,344,Physical,Horizon,BOOK | SOUNDDISC,The Paris apartment : a novel / Lucy Foley.,"0063003058, 0063252112, 9780063003057, 9780063252110 | 0063003090, 0063260786, 9780063003095, 9780063260788","Foley, Lucy (Novelist)","Brothers Fiction, Missing persons Fiction, Apartment houses Fiction, Paris France Fiction, Mystery fiction, Suspense fiction, Audiobooks, Psychological fiction, Thrillers Fiction | Brothers Fiction, Missing persons Fiction, Apartment houses Fiction, Paris France Fiction, Suspense fiction, Detective and mystery fiction, Novels, Psychological fiction, Thrillers Fiction","Harper Audio, | William Morrow, an imprint of HarperCollinsPublishers,",2022. | [2022],balanced_by_year_and_usageclass
2023,5,304,Physical,Horizon,VIDEODISC,"Confess, Fletch / Miramax presents ; a film by Greg Mottola ; produced by Connie Tavel, Bill Block, Jon Hamm ; screenplay by Greg Mottola and Zev Borow ; directed by Greg Mottola.","631895564X, 9786318955645",,"Suspects Criminal investigation Drama, Murder Investigation Drama, Art thefts Drama, Crime Drama, Comedy films, Crime films, Feature films, Fiction films, Film adaptations, Video recordings for the hearing impaired, Video recordings for people with visual disabilities","Paramount,",[2023],balanced_by_year_and_usageclass
2023,6,299,Physical,Horizon,BOOK,My new friend is so fun! / by Mo Willems.,"1423179587, 9781423179580","Willems, Mo","Humorous stories, Best friends Juvenile fiction, Friendship Juvenile fiction, Animals Juvenile fiction","Hyperion Books for Children,",[2014],balanced_by_year_and_usageclass
2023,7,263,Physical,Horizon,BOOK,Confidence man : the making of Donald Trump and the breaking of America / Maggie Haberman.,"0593297342, 0593653009, 9780593297346, 9780593297353, 9780593653005 | 0593632729, 9780593632727","Haberman, Maggie","Trump Donald 1946, Presidents United States Biography, Businesspeople United States Biography, Trump Donald 1946 Friends and associates, Trump Organization New York N Y, United States Politics and government 2009 2017, Biographies | Trump Donald 1946, Trump Donald 1946 Friends and associates, Trump Organization New York N Y, Presidents United States Biography, Businesspeople United States Biography, United States Politics and government 2009 2017, Large type books, Biographies","Penguin Press, | Random House Large Print,",2022. | [2022],balanced_by_year_and_usageclass
2023,8,234,Physical,Horizon,BOOK,My friend is sad / by Mo Willems.,"1423102975, 9781423102977","Willems, Mo","Gerald Fictitious character Willems Juvenile fiction, Piggie Fictitious character Willems Juvenile fiction, Pigs Fiction, Elephants Juvenile fiction, Emotions Juvenile fiction, Friendship Fiction | Gerald Fictitious character from Willems Juvenile fiction, Piggie Fictitious character from Willems Juvenile fiction, Pigs Fiction, Elephants Juvenile fiction, Emotions Juvenile fiction, Friendship Fiction","Hyperion Books for Children,",2007.,balanced_by_year_and_usageclass
2023,9,231,Physical,Horizon,BOOK | REGPRINT,The personal librarian / Marie Benedict and Victoria Christopher Murray.,"0593101537, 9780593101537, 9780593101551 | 0593414241, 1648383300, 9780593414248, 9781648383304","Benedict, Marie","Greene Belle da Costa Fiction, African American women Fiction, Women librarians Fiction, Passing Identity Fiction, Pierpont Morgan Library Fiction, New York N Y History 1898 1951 Fiction, Large type books, FICTION Biographical, FICTION African American Black Women, FICTION Historical General, Biographical fiction, Historical fiction, Novels | Greene Belle da Costa Fiction, African American women librarians Biography Fiction, Passing Identity Fiction, Biographical fiction, Biographical fiction, Historical fiction","Berkley, | Random House Large Print,",[2021],balanced_by_year_and_usageclass
2023,10,150,Physical,Horizon,BOOK,The overstory : a novel / Richard Powers.,"039363552X, 9780393635522 | 1432897802, 9781432897802","Powers, Richard, 1957-","Trees Fiction, Nature fiction | Trees Symbolic aspects Fiction, Deforestation Fiction, Nature Effect of human beings on Fiction, Forest conservation Fiction, Environmental protection Fiction, Human plant relationships Fiction, Large type books, Ecofiction","Thorndike Press, | W. W. Norton & Company,",2022. | [2018],balanced_by_year_and_usageclass
2024,1,1238,Physical,Horizon,BOOK,The Paris novel / Ruth Reichl.,"0593862074, 9780593862070 | 0812996305, 9780812996302, 9780812996319","Reichl, Ruth","Mothers and daughters Fiction, Inheritance and succession Fiction, Paris France Fiction, Self realization in women Fiction, Domestic fiction, Domestic fiction, Historical fiction, Novels | Paris France Fiction, Self realization in women Fiction, Inheritance and succession Fiction, Mothers Death Fiction, Travel Fiction, Large type books, Novels, Large print books","Random House Large Print, | Random House,",[2024],balanced_by_year_and_usageclass
2024,2,381,Physical,Horizon,BOOK,The other significant others : reimagining life with friendship at the center / Rhaina Cohen.,"1250280915, 9781250280916, 9781250280923","Cohen, Rhaina","Friendship, Conduct of life","St. Martin's Press,",2024.,balanced_by_year_and_usageclass
2024,3,357,Physical,Horizon,BOOK,My new friend is so fun! / by Mo Willems.,"1423179587, 9781423179580","Willems, Mo","Humorous stories, Best friends Juvenile fiction, Friendship Juvenile fiction, Animals Juvenile fiction","Hyperion Books for Children,",[2014],balanced_by_year_and_usageclass
2024,4,283,Physical,Horizon,BOOK,My name is Barbra / Barbra Streisand.,"0525429522, 0698405250, 9780525429524, 9780698405257","Streisand, Barbra","Streisand Barbra, Singers United States Biography, Motion picture actors and actresses United States Biography, Women motion picture producers and directors United States Biography, Motion picture producers and directors United States Biography, Autobiographies","Viking, an imprint of Penguin Random House LLC,",[2023],balanced_by_year_and_usageclass
2024,5,221,Physical,Horizon,BOOK,Colored television / Danzy Senna.,"0593544374, 9780593544372","Senna, Danzy","Authors Fiction, Life change events Fiction, Los Angeles Calif Fiction, African American women Fiction, African Americans Fiction, Domestic fiction, Black humor, Novels","Riverhead Books,",2024.,balanced_by_year_and_usageclass
2024,6,214,Physical,Horizon,BOOK,Coming home / Brittney Griner with Michelle Burford.,"0593801342, 9780593801345, 9780593801352","Griner, Brittney","Griner Brittney, African American basketball players Biography, Women basketball players United States Biography, Basketball players United States Biography, Womens National Basketball Association, National Collegiate Athletic Association, Prisoners Russia Biography, Hostages Russia Biography, Autobiographies","Alfred A. Knopf,",2024.,balanced_by_year_and_usageclass
2024,7,192,Physical,Horizon,BOOK | LARGEPRINT,Come and get it : a novel / Kiley Reid.,"0593328205, 0593716175, 9780593328200, 9780593328217, 9780593716175 | 0593792580, 9780593792582","Reid, Kiley","College students Fiction, Decision making Fiction, Friendship Fiction, Campus fiction, Novels | College teachers Fiction, College students Fiction, Decision making Fiction, Friendship Fiction, Young adults Fiction, Social classes Fiction, Interpersonal relations Fiction, Arkansas Fiction, Large type books, Campus fiction, Psychological fiction, Novels, Large print books","G. P. Putnam's Sons, | Random House Large Print,",[2024],balanced_by_year_and_usageclass
2024,8,180,Physical,Horizon,BOOK,The Paris Novel,"0812996305, 9780812996302","Reichl, Ruth",,Random House Inc,2024,balanced_by_year_and_usageclass
2024,9,152,Physical,Horizon,BOOK,Construction site : taking flight! / Sherri Duskey Rinker and AG Ford.,"1797221922, 9781797221922","Rinker, Sherri Duskey","Construction equipment Juvenile fiction, Airports Juvenile fiction, Stories in rhyme, Toy and movable books Specimens, Stories in rhyme, Toy and movable books, Picture books","Chronicle Books,",[2023],balanced_by_year_and_usageclass
2024,10,150,Physical,Horizon,BOOK,Come together : the science (and art!) of creating lasting sexual connections / Emily Nagoski.,"0593500822, 9780593500828, 9780593500842","Nagoski, Emily","Sexual excitement, Sex Psychology, Interpersonal relations, Self help publications","Ballantine Books,",[2024],balanced_by_year_and_usageclass
2025,1,1028,Physical,Horizon,BOOK | LARGEPRINT,The Paris Express : a novel / Emma Donoghue.,"1420522671, 9781420522679 | 1668082799, 9781668082799","Donoghue, Emma, 1969-","Railroad accidents Fiction, Passenger trains Fiction, Railroad travel Fiction, Montparnasse Paris France Fiction, Paris France 19th century Fiction, France 19th century Fiction, Large type books, Historical fiction, Large print books | Railroad travel Fiction, Railroad accidents Fiction, Montparnasse Paris France Fiction, Historical fiction, Novels","Summit Books, | Thorndike Press, a part of Gale, a Cengage Company,",2025.,balanced_by_year_and_usageclass
2025,2,898,Physical,Horizon,VIDEODISC,"Conclave / Focus Features presents ; in association with FilmNation Entertainment and Indian Paintbrush ; a House and FilmNation Entertainment production ; a film by Edward Berger ; produced by Tessa Ross, Juliette Howell, Michael A. Jackman, Robert Harris, Alice Dawson ; screenplay by Peter Straughan ; directed by Edward Berger.",,,"Popes Election Drama, Popes Drama, Cardinals Drama, Papacy Drama, Vatican City Drama, Detective and mystery films, Thrillers Motion pictures, Feature films, Fiction films, Film adaptations, Video recordings for the hearing impaired, Video recordings for people with visual disabilities","Focus Features,",[2024],balanced_by_year_and_usageclass
2025,3,397,Physical,Horizon,BOOK,The Paris novel / Ruth Reichl.,"0593862074, 9780593862070 | 0812996305, 9780812996302, 9780812996319","Reichl, Ruth","Mothers and daughters Fiction, Inheritance and succession Fiction, Paris France Fiction, Self realization in women Fiction, Domestic fiction, Domestic fiction, Historical fiction, Novels | Paris France Fiction, Self realization in women Fiction, Inheritance and succession Fiction, Mothers Death Fiction, Travel Fiction, Large type books, Novels, Large print books","Random House Large Print, | Random House,",[2024],balanced_by_year_and_usageclass
2025,4,341,Physical,Horizon,BOOK,My new friend is so fun! / by Mo Willems.,"1423179587, 9781423179580","Willems, Mo","Humorous stories, Best friends Juvenile fiction, Friendship Juvenile fiction, Animals Juvenile fiction","Hyperion Books for Children,",[2014],balanced_by_year_and_usageclass
2025,5,288,Physical,Horizon,BOOK,The pigeon needs a bath! / words and pictures by Mo Willems.,"1423190874, 9781423190875","Willems, Mo","Baths Juvenile fiction, Pigeons Juvenile fiction","Hyperion Books for Children, an imprint of Disney Book Group,",[2014].,balanced_by_year_and_usageclass
2025,6,275,Physical,Horizon,BOOK,The pigeon has to go to school! / words and pictures by Mo Willems.,"1368046452, 9781368046459","Willems, Mo","First day of school Juvenile fiction, Fear Juvenile fiction, Schools Juvenile fiction, Pigeons Juvenile fiction, Picture books, Humorous stories, Humorous fiction, Picture books","Hyperion Books for Children,",2019.,balanced_by_year_and_usageclass
2025,7,254,Physical,Horizon,BOOK,The Pigeon finds a hot dog! / words and pictures by Mo Willems.,"0786818697, 0786852488","Willems, Mo","Pigeons Juvenile fiction, Ducks Fiction, Sharing Juvenile fiction","Hyperion Books for Children,",[2004],balanced_by_year_and_usageclass
2025,8,243,Physical,Horizon,VIDEODISC,The Penguin / developed by Lauren LeFranc ; Acid and Tender Productions ; 6th & Idaho Motion Picture Company ; Dylan Clark Productions ; Chapel Place Productions ; Zobot Projects ; DC Studios ; Warner Bros. Television ; a presentation of Home Box Office.,,,"Penguin Fictitious character from DC Comics Inc Drama, Supervillains Drama, Gotham City Imaginary place Drama, Gangsters Drama, Crime Drama, Television crime shows, Thrillers Television programs, Superhero television programs, Fiction television programs, Television series, Video recordings for the hearing impaired","Warner Bros. Entertainment,",[2025],balanced_by_year_and_usageclass
2025,9,238,Physical,Horizon,BOOK,The pigeon will ride the roller coaster! / words and pictures by Mo Willems.,"1454946865, 9781454946861","Willems, Mo","Pigeons Juvenile fiction, Roller coasters Juvenile fiction, Emotions Juvenile fiction, Humorous fiction, Picture books, Animal fiction","Union Square Kids,",[2022],balanced_by_year_and_usageclass
2025,10,218,Physical,Horizon,VIDEODISC,The penguin lessons / Rocket Science presents ; directed by Peter Cattaneo ; screenplay by Jeff Pope ; produced by Ben Pugh [and others].,,,"Michell Tom Drama, Michell Tom Travel Argentina Drama, Juan Salvador Penguin Drama, Penguins Drama, Wildlife rescue Uruguay Drama, Human animal relationships Drama, Teachers Argentina Drama, English Argentina Drama, Boarding schools Drama, Boys schools Drama, Kidnapping Drama, Argentina History Coup d‚tat 1976 Drama, Argentina Politics and government 1955 1983 Drama, Biographical films, Animal films, Comedy films, Feature films, Film adaptations, Video recordings for the hearing impaired","Sony Pictures Home Entertainment,",[2025],balanced_by_year_and_usageclass
